datetime,eventid,accountname,clientaddr,servicename,processname,objectname,sharedname,securityid,result,file
7/31/2019 8:01:56 AM,4688,localadmin$,,,	c:\windows\system32\searchprotocolhost.exe,,,system,normal,/Users/marikof/Documents/tmp/log/win8.1x64-security-20190731.csv
7/31/2019 8:00:15 AM,4688,user,,,	c:\windows\system32\mmc.exe,,,localadmin\user,normal,/Users/marikof/Documents/tmp/log/win8.1x64-security-20190731.csv
7/31/2019 8:00:14 AM,4688,localadmin$,,,	c:\windows\system32\eventvwr.exe,,,system,normal,/Users/marikof/Documents/tmp/log/win8.1x64-security-20190731.csv
7/31/2019 8:00:14 AM,4688,localadmin$,,,	c:\windows\system32\dllhost.exe,,,system,normal,/Users/marikof/Documents/tmp/log/win8.1x64-security-20190731.csv
7/31/2019 8:00:13 AM,4688,localadmin$,,,	c:\windows\system32\dllhost.exe,,,system,normal,/Users/marikof/Documents/tmp/log/win8.1x64-security-20190731.csv
7/31/2019 8:00:12 AM,4688,localadmin$,,,	c:\windows\system32\consent.exe,,,system,normal,/Users/marikof/Documents/tmp/log/win8.1x64-security-20190731.csv
7/31/2019 8:00:12 AM,4688,user,,,	c:\windows\system32\eventvwr.exe,,,localadmin\user,normal,/Users/marikof/Documents/tmp/log/win8.1x64-security-20190731.csv
7/31/2019 7:40:56 AM,4688,localadmin$,,,	c:\windows\system32\wbem\wmiprvse.exe,,,system,normal,/Users/marikof/Documents/tmp/log/win8.1x64-security-20190731.csv
7/31/2019 7:40:45 AM,4688,user,,,	c:\program files (x86)\internet explorer\iexplore.exe,,,localadmin\user,normal,/Users/marikof/Documents/tmp/log/win8.1x64-security-20190731.csv
7/31/2019 7:40:42 AM,4688,localadmin$,,,	c:\windows\system32\dllhost.exe,,,system,normal,/Users/marikof/Documents/tmp/log/win8.1x64-security-20190731.csv
7/31/2019 7:40:41 AM,4688,user,,,	c:\windows\system32\taskkill.exe,,,localadmin\user,normal,/Users/marikof/Documents/tmp/log/win8.1x64-security-20190731.csv
7/31/2019 7:40:09 AM,4688,localadmin$,,,	c:\windows\system32\searchfilterhost.exe,,,system,normal,/Users/marikof/Documents/tmp/log/win8.1x64-security-20190731.csv
7/31/2019 7:40:00 AM,4688,localadmin$,,,	c:\windows\system32\dllhost.exe,,,system,normal,/Users/marikof/Documents/tmp/log/win8.1x64-security-20190731.csv
7/31/2019 7:39:59 AM,4688,localadmin$,,,	c:\windows\system32\searchprotocolhost.exe,,,system,normal,/Users/marikof/Documents/tmp/log/win8.1x64-security-20190731.csv
7/31/2019 7:39:59 AM,4688,user,,,	c:\windows\system32\ipconfig.exe,,,localadmin\user,normal,/Users/marikof/Documents/tmp/log/win8.1x64-security-20190731.csv
7/31/2019 7:39:59 AM,4688,user,,,	c:\program files\internet explorer\iexplore.exe,,,localadmin\user,normal,/Users/marikof/Documents/tmp/log/win8.1x64-security-20190731.csv
7/31/2019 7:39:38 AM,4688,user,,,	c:\windows\system32\conhost.exe,,,localadmin\user,normal,/Users/marikof/Documents/tmp/log/win8.1x64-security-20190731.csv
7/31/2019 7:39:28 AM,4688,localadmin$,,,	c:\windows\system32\cmd.exe,,,system,normal,/Users/marikof/Documents/tmp/log/win8.1x64-security-20190731.csv
7/31/2019 7:35:56 AM,4688,localadmin$,,,	c:\windows\system32\wbem\wmiprvse.exe,,,system,normal,/Users/marikof/Documents/tmp/log/win8.1x64-security-20190731.csv
7/31/2019 7:35:50 AM,4688,user,,,	c:\program files (x86)\internet explorer\iexplore.exe,,,localadmin\user,normal,/Users/marikof/Documents/tmp/log/win8.1x64-security-20190731.csv
7/31/2019 7:35:42 AM,4688,localadmin$,,,	c:\windows\system32\dllhost.exe,,,system,normal,/Users/marikof/Documents/tmp/log/win8.1x64-security-20190731.csv
7/31/2019 7:35:41 AM,4688,user,,,	c:\windows\system32\taskkill.exe,,,localadmin\user,normal,/Users/marikof/Documents/tmp/log/win8.1x64-security-20190731.csv
7/31/2019 7:35:00 AM,4688,localadmin$,,,	c:\windows\system32\dllhost.exe,,,system,normal,/Users/marikof/Documents/tmp/log/win8.1x64-security-20190731.csv
7/31/2019 7:34:58 AM,4688,user,,,	c:\windows\system32\ipconfig.exe,,,localadmin\user,normal,/Users/marikof/Documents/tmp/log/win8.1x64-security-20190731.csv
7/31/2019 7:34:58 AM,4688,user,,,	c:\program files\internet explorer\iexplore.exe,,,localadmin\user,normal,/Users/marikof/Documents/tmp/log/win8.1x64-security-20190731.csv
7/31/2019 7:34:38 AM,4688,user,,,	c:\windows\system32\conhost.exe,,,localadmin\user,normal,/Users/marikof/Documents/tmp/log/win8.1x64-security-20190731.csv
7/31/2019 7:34:28 AM,4688,localadmin$,,,	c:\windows\system32\cmd.exe,,,system,normal,/Users/marikof/Documents/tmp/log/win8.1x64-security-20190731.csv
7/31/2019 7:33:43 AM,4688,localadmin$,,,	c:\windows\system32\searchfilterhost.exe,,,system,normal,/Users/marikof/Documents/tmp/log/win8.1x64-security-20190731.csv
7/31/2019 7:33:33 AM,4688,localadmin$,,,	c:\windows\system32\searchprotocolhost.exe,,,system,normal,/Users/marikof/Documents/tmp/log/win8.1x64-security-20190731.csv
7/31/2019 7:30:54 AM,4688,localadmin$,,,	c:\windows\system32\wbem\wmiprvse.exe,,,system,normal,/Users/marikof/Documents/tmp/log/win8.1x64-security-20190731.csv
7/31/2019 7:30:42 AM,4688,user,,,	c:\program files (x86)\internet explorer\iexplore.exe,,,localadmin\user,normal,/Users/marikof/Documents/tmp/log/win8.1x64-security-20190731.csv
7/31/2019 7:30:40 AM,4688,localadmin$,,,	c:\windows\system32\dllhost.exe,,,system,normal,/Users/marikof/Documents/tmp/log/win8.1x64-security-20190731.csv
7/31/2019 7:30:39 AM,4688,user,,,	c:\windows\system32\taskkill.exe,,,localadmin\user,normal,/Users/marikof/Documents/tmp/log/win8.1x64-security-20190731.csv
7/31/2019 7:30:07 AM,4688,localadmin$,,,	c:\windows\system32\searchfilterhost.exe,,,system,normal,/Users/marikof/Documents/tmp/log/win8.1x64-security-20190731.csv
7/31/2019 7:29:58 AM,4688,localadmin$,,,	c:\windows\system32\dllhost.exe,,,system,normal,/Users/marikof/Documents/tmp/log/win8.1x64-security-20190731.csv
7/31/2019 7:29:57 AM,4688,localadmin$,,,	c:\windows\system32\searchprotocolhost.exe,,,system,normal,/Users/marikof/Documents/tmp/log/win8.1x64-security-20190731.csv
7/31/2019 7:29:57 AM,4688,user,,,	c:\windows\system32\ipconfig.exe,,,localadmin\user,normal,/Users/marikof/Documents/tmp/log/win8.1x64-security-20190731.csv
7/31/2019 7:29:57 AM,4688,user,,,	c:\program files\internet explorer\iexplore.exe,,,localadmin\user,normal,/Users/marikof/Documents/tmp/log/win8.1x64-security-20190731.csv
7/31/2019 7:29:37 AM,4688,user,,,	c:\windows\system32\conhost.exe,,,localadmin\user,normal,/Users/marikof/Documents/tmp/log/win8.1x64-security-20190731.csv
7/31/2019 7:29:28 AM,4688,localadmin$,,,	c:\windows\system32\cmd.exe,,,system,normal,/Users/marikof/Documents/tmp/log/win8.1x64-security-20190731.csv
7/31/2019 7:25:58 AM,4688,localadmin$,,,	c:\windows\system32\wbem\wmiprvse.exe,,,system,normal,/Users/marikof/Documents/tmp/log/win8.1x64-security-20190731.csv
7/31/2019 7:25:47 AM,4688,user,,,	c:\program files (x86)\internet explorer\iexplore.exe,,,localadmin\user,normal,/Users/marikof/Documents/tmp/log/win8.1x64-security-20190731.csv
7/31/2019 7:25:43 AM,4688,localadmin$,,,	c:\windows\system32\dllhost.exe,,,system,normal,/Users/marikof/Documents/tmp/log/win8.1x64-security-20190731.csv
7/31/2019 7:25:42 AM,4688,user,,,	c:\windows\system32\taskkill.exe,,,localadmin\user,normal,/Users/marikof/Documents/tmp/log/win8.1x64-security-20190731.csv
7/31/2019 7:25:10 AM,4688,localadmin$,,,	c:\windows\system32\searchfilterhost.exe,,,system,normal,/Users/marikof/Documents/tmp/log/win8.1x64-security-20190731.csv
7/31/2019 7:25:01 AM,4688,localadmin$,,,	c:\windows\system32\dllhost.exe,,,system,normal,/Users/marikof/Documents/tmp/log/win8.1x64-security-20190731.csv
7/31/2019 7:25:00 AM,4688,localadmin$,,,	c:\windows\system32\searchprotocolhost.exe,,,system,normal,/Users/marikof/Documents/tmp/log/win8.1x64-security-20190731.csv
7/31/2019 7:25:00 AM,4688,user,,,	c:\windows\system32\ipconfig.exe,,,localadmin\user,normal,/Users/marikof/Documents/tmp/log/win8.1x64-security-20190731.csv
7/31/2019 7:25:00 AM,4688,user,,,	c:\program files\internet explorer\iexplore.exe,,,localadmin\user,normal,/Users/marikof/Documents/tmp/log/win8.1x64-security-20190731.csv
7/31/2019 7:24:38 AM,4688,user,,,	c:\windows\system32\conhost.exe,,,localadmin\user,normal,/Users/marikof/Documents/tmp/log/win8.1x64-security-20190731.csv
7/31/2019 7:24:28 AM,4688,localadmin$,,,	c:\windows\system32\cmd.exe,,,system,normal,/Users/marikof/Documents/tmp/log/win8.1x64-security-20190731.csv
7/31/2019 7:21:00 AM,4688,localadmin$,,,	c:\windows\system32\wbem\wmiprvse.exe,,,system,normal,/Users/marikof/Documents/tmp/log/win8.1x64-security-20190731.csv
7/31/2019 7:20:48 AM,4688,user,,,	c:\program files (x86)\internet explorer\iexplore.exe,,,localadmin\user,normal,/Users/marikof/Documents/tmp/log/win8.1x64-security-20190731.csv
7/31/2019 7:20:46 AM,4688,localadmin$,,,	c:\windows\system32\dllhost.exe,,,system,normal,/Users/marikof/Documents/tmp/log/win8.1x64-security-20190731.csv
7/31/2019 7:20:45 AM,4688,user,,,	c:\windows\system32\taskkill.exe,,,localadmin\user,normal,/Users/marikof/Documents/tmp/log/win8.1x64-security-20190731.csv
7/31/2019 7:20:13 AM,4688,localadmin$,,,	c:\windows\system32\searchfilterhost.exe,,,system,normal,/Users/marikof/Documents/tmp/log/win8.1x64-security-20190731.csv
7/31/2019 7:20:04 AM,4688,localadmin$,,,	c:\windows\system32\dllhost.exe,,,system,normal,/Users/marikof/Documents/tmp/log/win8.1x64-security-20190731.csv
7/31/2019 7:20:03 AM,4688,localadmin$,,,	c:\windows\system32\searchprotocolhost.exe,,,system,normal,/Users/marikof/Documents/tmp/log/win8.1x64-security-20190731.csv
7/31/2019 7:20:03 AM,4688,user,,,	c:\windows\system32\ipconfig.exe,,,localadmin\user,normal,/Users/marikof/Documents/tmp/log/win8.1x64-security-20190731.csv
7/31/2019 7:20:03 AM,4688,user,,,	c:\program files\internet explorer\iexplore.exe,,,localadmin\user,normal,/Users/marikof/Documents/tmp/log/win8.1x64-security-20190731.csv
7/31/2019 7:19:38 AM,4688,user,,,	c:\windows\system32\conhost.exe,,,localadmin\user,normal,/Users/marikof/Documents/tmp/log/win8.1x64-security-20190731.csv
7/31/2019 7:19:28 AM,4688,localadmin$,,,	c:\windows\system32\cmd.exe,,,system,normal,/Users/marikof/Documents/tmp/log/win8.1x64-security-20190731.csv
7/31/2019 7:15:54 AM,4688,localadmin$,,,	c:\windows\system32\wbem\wmiprvse.exe,,,system,normal,/Users/marikof/Documents/tmp/log/win8.1x64-security-20190731.csv
7/31/2019 7:15:41 AM,4688,user,,,	c:\program files (x86)\internet explorer\iexplore.exe,,,localadmin\user,normal,/Users/marikof/Documents/tmp/log/win8.1x64-security-20190731.csv
7/31/2019 7:15:40 AM,4688,localadmin$,,,	c:\windows\system32\dllhost.exe,,,system,normal,/Users/marikof/Documents/tmp/log/win8.1x64-security-20190731.csv
7/31/2019 7:15:39 AM,4688,user,,,	c:\windows\system32\taskkill.exe,,,localadmin\user,normal,/Users/marikof/Documents/tmp/log/win8.1x64-security-20190731.csv
7/31/2019 7:15:07 AM,4688,localadmin$,,,	c:\windows\system32\searchfilterhost.exe,,,system,normal,/Users/marikof/Documents/tmp/log/win8.1x64-security-20190731.csv
7/31/2019 7:14:58 AM,4688,localadmin$,,,	c:\windows\system32\dllhost.exe,,,system,normal,/Users/marikof/Documents/tmp/log/win8.1x64-security-20190731.csv
7/31/2019 7:14:57 AM,4688,localadmin$,,,	c:\windows\system32\searchprotocolhost.exe,,,system,normal,/Users/marikof/Documents/tmp/log/win8.1x64-security-20190731.csv
7/31/2019 7:14:56 AM,4688,user,,,	c:\windows\system32\ipconfig.exe,,,localadmin\user,normal,/Users/marikof/Documents/tmp/log/win8.1x64-security-20190731.csv
7/31/2019 7:14:56 AM,4688,user,,,	c:\program files\internet explorer\iexplore.exe,,,localadmin\user,normal,/Users/marikof/Documents/tmp/log/win8.1x64-security-20190731.csv
7/31/2019 7:14:37 AM,4688,user,,,	c:\windows\system32\conhost.exe,,,localadmin\user,normal,/Users/marikof/Documents/tmp/log/win8.1x64-security-20190731.csv
7/31/2019 7:14:28 AM,4688,localadmin$,,,	c:\windows\system32\cmd.exe,,,system,normal,/Users/marikof/Documents/tmp/log/win8.1x64-security-20190731.csv
7/31/2019 7:11:07 AM,4688,localadmin$,,,	c:\windows\system32\wbem\wmiprvse.exe,,,system,normal,/Users/marikof/Documents/tmp/log/win8.1x64-security-20190731.csv
7/31/2019 7:10:53 AM,4688,localadmin$,,,	c:\windows\system32\dllhost.exe,,,system,normal,/Users/marikof/Documents/tmp/log/win8.1x64-security-20190731.csv
7/31/2019 7:10:52 AM,4688,user,,,	c:\windows\system32\taskkill.exe,,,localadmin\user,normal,/Users/marikof/Documents/tmp/log/win8.1x64-security-20190731.csv
7/31/2019 7:10:46 AM,4688,user,,,	c:\program files (x86)\internet explorer\iexplore.exe,,,localadmin\user,normal,/Users/marikof/Documents/tmp/log/win8.1x64-security-20190731.csv
7/31/2019 7:10:09 AM,4688,localadmin$,,,	c:\windows\system32\searchfilterhost.exe,,,system,normal,/Users/marikof/Documents/tmp/log/win8.1x64-security-20190731.csv
7/31/2019 7:10:00 AM,4688,localadmin$,,,	c:\windows\system32\dllhost.exe,,,system,normal,/Users/marikof/Documents/tmp/log/win8.1x64-security-20190731.csv
7/31/2019 7:09:59 AM,4688,localadmin$,,,	c:\windows\system32\searchprotocolhost.exe,,,system,normal,/Users/marikof/Documents/tmp/log/win8.1x64-security-20190731.csv
7/31/2019 7:09:59 AM,4688,user,,,	c:\windows\system32\ipconfig.exe,,,localadmin\user,normal,/Users/marikof/Documents/tmp/log/win8.1x64-security-20190731.csv
7/31/2019 7:09:59 AM,4688,user,,,	c:\program files\internet explorer\iexplore.exe,,,localadmin\user,normal,/Users/marikof/Documents/tmp/log/win8.1x64-security-20190731.csv
7/31/2019 7:09:38 AM,4688,user,,,	c:\windows\system32\conhost.exe,,,localadmin\user,normal,/Users/marikof/Documents/tmp/log/win8.1x64-security-20190731.csv
7/31/2019 7:09:28 AM,4688,localadmin$,,,	c:\windows\system32\cmd.exe,,,system,normal,/Users/marikof/Documents/tmp/log/win8.1x64-security-20190731.csv
7/31/2019 7:07:07 AM,4688,localadmin$,,,	c:\windows\system32\searchfilterhost.exe,,,system,normal,/Users/marikof/Documents/tmp/log/win8.1x64-security-20190731.csv
7/31/2019 7:06:57 AM,4688,localadmin$,,,	c:\windows\system32\searchprotocolhost.exe,,,system,normal,/Users/marikof/Documents/tmp/log/win8.1x64-security-20190731.csv
7/31/2019 7:05:47 AM,4688,localadmin$,,,	c:\windows\system32\wbem\wmiprvse.exe,,,system,normal,/Users/marikof/Documents/tmp/log/win8.1x64-security-20190731.csv
7/31/2019 7:05:39 AM,4688,user,,,	c:\program files (x86)\internet explorer\iexplore.exe,,,localadmin\user,normal,/Users/marikof/Documents/tmp/log/win8.1x64-security-20190731.csv
7/31/2019 7:05:32 AM,4688,localadmin$,,,	c:\windows\system32\dllhost.exe,,,system,normal,/Users/marikof/Documents/tmp/log/win8.1x64-security-20190731.csv
7/31/2019 7:05:31 AM,4688,user,,,	c:\windows\system32\taskkill.exe,,,localadmin\user,normal,/Users/marikof/Documents/tmp/log/win8.1x64-security-20190731.csv
7/31/2019 7:04:59 AM,4688,localadmin$,,,	c:\windows\system32\dllhost.exe,,,system,normal,/Users/marikof/Documents/tmp/log/win8.1x64-security-20190731.csv
7/31/2019 7:04:58 AM,4688,user,,,	c:\windows\system32\ipconfig.exe,,,localadmin\user,normal,/Users/marikof/Documents/tmp/log/win8.1x64-security-20190731.csv
7/31/2019 7:04:58 AM,4688,user,,,	c:\program files\internet explorer\iexplore.exe,,,localadmin\user,normal,/Users/marikof/Documents/tmp/log/win8.1x64-security-20190731.csv
7/31/2019 7:04:38 AM,4688,user,,,	c:\windows\system32\conhost.exe,,,localadmin\user,normal,/Users/marikof/Documents/tmp/log/win8.1x64-security-20190731.csv
7/31/2019 7:04:28 AM,4688,localadmin$,,,	c:\windows\system32\cmd.exe,,,system,normal,/Users/marikof/Documents/tmp/log/win8.1x64-security-20190731.csv
7/31/2019 7:03:45 AM,4688,localadmin$,,,	c:\windows\system32\searchfilterhost.exe,,,system,normal,/Users/marikof/Documents/tmp/log/win8.1x64-security-20190731.csv
7/31/2019 7:03:35 AM,4688,localadmin$,,,	c:\windows\system32\searchprotocolhost.exe,,,system,normal,/Users/marikof/Documents/tmp/log/win8.1x64-security-20190731.csv
7/31/2019 7:03:19 AM,4688,localadmin$,,,	c:\windows\system32\searchprotocolhost.exe,,,system,normal,/Users/marikof/Documents/tmp/log/win8.1x64-security-20190731.csv
7/31/2019 7:00:56 AM,4688,localadmin$,,,	c:\windows\system32\wbem\wmiprvse.exe,,,system,normal,/Users/marikof/Documents/tmp/log/win8.1x64-security-20190731.csv
7/31/2019 7:00:45 AM,4688,user,,,	c:\program files (x86)\internet explorer\iexplore.exe,,,localadmin\user,normal,/Users/marikof/Documents/tmp/log/win8.1x64-security-20190731.csv
7/31/2019 7:00:42 AM,4688,localadmin$,,,	c:\windows\system32\dllhost.exe,,,system,normal,/Users/marikof/Documents/tmp/log/win8.1x64-security-20190731.csv
7/31/2019 7:00:41 AM,4688,user,,,	c:\windows\system32\taskkill.exe,,,localadmin\user,normal,/Users/marikof/Documents/tmp/log/win8.1x64-security-20190731.csv
7/31/2019 7:00:09 AM,4688,localadmin$,,,	c:\windows\system32\searchfilterhost.exe,,,system,normal,/Users/marikof/Documents/tmp/log/win8.1x64-security-20190731.csv
7/31/2019 7:00:00 AM,4688,localadmin$,,,	c:\windows\system32\dllhost.exe,,,system,normal,/Users/marikof/Documents/tmp/log/win8.1x64-security-20190731.csv
7/31/2019 6:59:59 AM,4688,localadmin$,,,	c:\windows\system32\searchprotocolhost.exe,,,system,normal,/Users/marikof/Documents/tmp/log/win8.1x64-security-20190731.csv
7/31/2019 6:59:59 AM,4688,user,,,	c:\windows\system32\ipconfig.exe,,,localadmin\user,normal,/Users/marikof/Documents/tmp/log/win8.1x64-security-20190731.csv
7/31/2019 6:59:59 AM,4688,user,,,	c:\program files\internet explorer\iexplore.exe,,,localadmin\user,normal,/Users/marikof/Documents/tmp/log/win8.1x64-security-20190731.csv
7/31/2019 6:59:38 AM,4688,user,,,	c:\windows\system32\conhost.exe,,,localadmin\user,normal,/Users/marikof/Documents/tmp/log/win8.1x64-security-20190731.csv
7/31/2019 6:59:28 AM,4688,localadmin$,,,	c:\windows\system32\cmd.exe,,,system,normal,/Users/marikof/Documents/tmp/log/win8.1x64-security-20190731.csv
7/31/2019 6:55:50 AM,4688,localadmin$,,,	c:\windows\system32\wbem\wmiprvse.exe,,,system,normal,/Users/marikof/Documents/tmp/log/win8.1x64-security-20190731.csv
7/31/2019 6:55:40 AM,4688,user,,,	c:\program files (x86)\internet explorer\iexplore.exe,,,localadmin\user,normal,/Users/marikof/Documents/tmp/log/win8.1x64-security-20190731.csv
7/31/2019 6:55:37 AM,4688,localadmin$,,,	c:\windows\system32\dllhost.exe,,,system,normal,/Users/marikof/Documents/tmp/log/win8.1x64-security-20190731.csv
7/31/2019 6:55:36 AM,4688,user,,,	c:\windows\system32\taskkill.exe,,,localadmin\user,normal,/Users/marikof/Documents/tmp/log/win8.1x64-security-20190731.csv
7/31/2019 6:55:09 AM,4688,localadmin$,,,	c:\windows\system32\searchfilterhost.exe,,,system,normal,/Users/marikof/Documents/tmp/log/win8.1x64-security-20190731.csv
7/31/2019 6:54:59 AM,4688,localadmin$,,,	c:\windows\system32\dllhost.exe,,,system,normal,/Users/marikof/Documents/tmp/log/win8.1x64-security-20190731.csv
7/31/2019 6:54:58 AM,4688,localadmin$,,,	c:\windows\system32\searchprotocolhost.exe,,,system,normal,/Users/marikof/Documents/tmp/log/win8.1x64-security-20190731.csv
7/31/2019 6:54:58 AM,4688,user,,,	c:\windows\system32\ipconfig.exe,,,localadmin\user,normal,/Users/marikof/Documents/tmp/log/win8.1x64-security-20190731.csv
7/31/2019 6:54:58 AM,4688,user,,,	c:\program files\internet explorer\iexplore.exe,,,localadmin\user,normal,/Users/marikof/Documents/tmp/log/win8.1x64-security-20190731.csv
7/31/2019 6:54:38 AM,4688,user,,,	c:\windows\system32\conhost.exe,,,localadmin\user,normal,/Users/marikof/Documents/tmp/log/win8.1x64-security-20190731.csv
7/31/2019 6:54:28 AM,4688,localadmin$,,,	c:\windows\system32\cmd.exe,,,system,normal,/Users/marikof/Documents/tmp/log/win8.1x64-security-20190731.csv
7/31/2019 6:50:55 AM,4688,localadmin$,,,	c:\windows\system32\wbem\wmiprvse.exe,,,system,normal,/Users/marikof/Documents/tmp/log/win8.1x64-security-20190731.csv
7/31/2019 6:50:44 AM,4688,user,,,	c:\program files (x86)\internet explorer\iexplore.exe,,,localadmin\user,normal,/Users/marikof/Documents/tmp/log/win8.1x64-security-20190731.csv
7/31/2019 6:50:41 AM,4688,localadmin$,,,	c:\windows\system32\dllhost.exe,,,system,normal,/Users/marikof/Documents/tmp/log/win8.1x64-security-20190731.csv
7/31/2019 6:50:40 AM,4688,user,,,	c:\windows\system32\taskkill.exe,,,localadmin\user,normal,/Users/marikof/Documents/tmp/log/win8.1x64-security-20190731.csv
7/31/2019 6:50:08 AM,4688,localadmin$,,,	c:\windows\system32\searchfilterhost.exe,,,system,normal,/Users/marikof/Documents/tmp/log/win8.1x64-security-20190731.csv
7/31/2019 6:49:59 AM,4688,localadmin$,,,	c:\windows\system32\dllhost.exe,,,system,normal,/Users/marikof/Documents/tmp/log/win8.1x64-security-20190731.csv
7/31/2019 6:49:58 AM,4688,localadmin$,,,	c:\windows\system32\searchprotocolhost.exe,,,system,normal,/Users/marikof/Documents/tmp/log/win8.1x64-security-20190731.csv
7/31/2019 6:49:58 AM,4688,user,,,	c:\windows\system32\ipconfig.exe,,,localadmin\user,normal,/Users/marikof/Documents/tmp/log/win8.1x64-security-20190731.csv
7/31/2019 6:49:58 AM,4688,user,,,	c:\program files\internet explorer\iexplore.exe,,,localadmin\user,normal,/Users/marikof/Documents/tmp/log/win8.1x64-security-20190731.csv
7/31/2019 6:49:37 AM,4688,user,,,	c:\windows\system32\conhost.exe,,,localadmin\user,normal,/Users/marikof/Documents/tmp/log/win8.1x64-security-20190731.csv
7/31/2019 6:49:28 AM,4688,localadmin$,,,	c:\windows\system32\cmd.exe,,,system,normal,/Users/marikof/Documents/tmp/log/win8.1x64-security-20190731.csv
7/31/2019 6:45:56 AM,4688,localadmin$,,,	c:\windows\system32\wbem\wmiprvse.exe,,,system,normal,/Users/marikof/Documents/tmp/log/win8.1x64-security-20190731.csv
7/31/2019 6:45:44 AM,4688,user,,,	c:\program files (x86)\internet explorer\iexplore.exe,,,localadmin\user,normal,/Users/marikof/Documents/tmp/log/win8.1x64-security-20190731.csv
7/31/2019 6:45:42 AM,4688,localadmin$,,,	c:\windows\system32\dllhost.exe,,,system,normal,/Users/marikof/Documents/tmp/log/win8.1x64-security-20190731.csv
7/31/2019 6:45:41 AM,4688,user,,,	c:\windows\system32\taskkill.exe,,,localadmin\user,normal,/Users/marikof/Documents/tmp/log/win8.1x64-security-20190731.csv
7/31/2019 6:45:15 AM,4688,localadmin$,,,	c:\windows\system32\searchfilterhost.exe,,,system,normal,/Users/marikof/Documents/tmp/log/win8.1x64-security-20190731.csv
7/31/2019 6:45:00 AM,4688,localadmin$,,,	c:\windows\system32\dllhost.exe,,,system,normal,/Users/marikof/Documents/tmp/log/win8.1x64-security-20190731.csv
7/31/2019 6:44:59 AM,4688,localadmin$,,,	c:\windows\system32\searchprotocolhost.exe,,,system,normal,/Users/marikof/Documents/tmp/log/win8.1x64-security-20190731.csv
7/31/2019 6:44:59 AM,4688,user,,,	c:\windows\system32\ipconfig.exe,,,localadmin\user,normal,/Users/marikof/Documents/tmp/log/win8.1x64-security-20190731.csv
7/31/2019 6:44:59 AM,4688,user,,,	c:\program files\internet explorer\iexplore.exe,,,localadmin\user,normal,/Users/marikof/Documents/tmp/log/win8.1x64-security-20190731.csv
7/31/2019 6:44:38 AM,4688,user,,,	c:\windows\system32\conhost.exe,,,localadmin\user,normal,/Users/marikof/Documents/tmp/log/win8.1x64-security-20190731.csv
7/31/2019 6:44:28 AM,4688,localadmin$,,,	c:\windows\system32\cmd.exe,,,system,normal,/Users/marikof/Documents/tmp/log/win8.1x64-security-20190731.csv
7/31/2019 6:38:47 AM,4688,localadmin$,,,	c:\windows\system32\searchfilterhost.exe,,,system,normal,/Users/marikof/Documents/tmp/log/win8.1x64-security-20190731.csv
7/31/2019 6:38:37 AM,4688,localadmin$,,,	c:\windows\system32\searchprotocolhost.exe,,,system,normal,/Users/marikof/Documents/tmp/log/win8.1x64-security-20190731.csv
7/31/2019 6:35:37 AM,4688,localadmin$,,,	c:\windows\system32\wbem\wmiprvse.exe,,,system,normal,/Users/marikof/Documents/tmp/log/win8.1x64-security-20190731.csv
7/31/2019 6:35:26 AM,4688,user,,,	c:\program files (x86)\internet explorer\iexplore.exe,,,localadmin\user,normal,/Users/marikof/Documents/tmp/log/win8.1x64-security-20190731.csv
7/31/2019 6:35:23 AM,4688,localadmin$,,,	c:\windows\system32\dllhost.exe,,,system,normal,/Users/marikof/Documents/tmp/log/win8.1x64-security-20190731.csv
7/31/2019 6:35:22 AM,4688,user,,,	c:\windows\system32\taskkill.exe,,,localadmin\user,normal,/Users/marikof/Documents/tmp/log/win8.1x64-security-20190731.csv
7/31/2019 6:34:50 AM,4688,localadmin$,,,	c:\windows\system32\searchfilterhost.exe,,,system,normal,/Users/marikof/Documents/tmp/log/win8.1x64-security-20190731.csv
7/31/2019 6:34:41 AM,4688,localadmin$,,,	c:\windows\system32\dllhost.exe,,,system,normal,/Users/marikof/Documents/tmp/log/win8.1x64-security-20190731.csv
7/31/2019 6:34:40 AM,4688,localadmin$,,,	c:\windows\system32\searchprotocolhost.exe,,,system,normal,/Users/marikof/Documents/tmp/log/win8.1x64-security-20190731.csv
7/31/2019 6:34:40 AM,4688,user,,,	c:\windows\system32\ipconfig.exe,,,localadmin\user,normal,/Users/marikof/Documents/tmp/log/win8.1x64-security-20190731.csv
7/31/2019 6:34:40 AM,4688,user,,,	c:\program files\internet explorer\iexplore.exe,,,localadmin\user,normal,/Users/marikof/Documents/tmp/log/win8.1x64-security-20190731.csv
7/31/2019 6:34:21 AM,4688,user,,,	c:\windows\system32\conhost.exe,,,localadmin\user,normal,/Users/marikof/Documents/tmp/log/win8.1x64-security-20190731.csv
7/31/2019 6:34:11 AM,4688,localadmin$,,,	c:\windows\system32\cmd.exe,,,system,normal,/Users/marikof/Documents/tmp/log/win8.1x64-security-20190731.csv
7/31/2019 6:33:13 AM,4688,localadmin$,,,	c:\windows\system32\dllhost.exe,,,system,normal,/Users/marikof/Documents/tmp/log/win8.1x64-security-20190731.csv
7/31/2019 6:29:35 AM,4688,localadmin$,,,	c:\windows\system32\svchost.exe,,,system,normal,/Users/marikof/Documents/tmp/log/win8.1x64-security-20190731.csv
7/31/2019 6:29:35 AM,4672,system,,,,,,system,normal,/Users/marikof/Documents/tmp/log/win8.1x64-security-20190731.csv
7/31/2019 6:29:35 AM,4624,system,	-,,		c:\windows\system32\services.exe,,,system,normal,/Users/marikof/Documents/tmp/log/win8.1x64-security-20190731.csv
7/31/2019 6:28:07 AM,4688,localadmin$,,,	c:\windows\system32\mmc.exe,,,system,normal,/Users/marikof/Documents/tmp/log/win8.1x64-security-20190731.csv
7/31/2019 6:28:07 AM,4688,localadmin$,,,	c:\windows\system32\dllhost.exe,,,system,normal,/Users/marikof/Documents/tmp/log/win8.1x64-security-20190731.csv
7/31/2019 6:28:05 AM,4688,localadmin$,,,	c:\windows\system32\dllhost.exe,,,system,normal,/Users/marikof/Documents/tmp/log/win8.1x64-security-20190731.csv
7/31/2019 6:28:04 AM,4688,localadmin$,,,	c:\windows\system32\consent.exe,,,system,normal,/Users/marikof/Documents/tmp/log/win8.1x64-security-20190731.csv
7/31/2019 6:28:04 AM,4688,user,,,	c:\windows\system32\mmc.exe,,,localadmin\user,normal,/Users/marikof/Documents/tmp/log/win8.1x64-security-20190731.csv
7/31/2019 6:26:26 AM,4688,localadmin$,,,	c:\windows\syswow64\dllhost.exe,,,system,normal,/Users/marikof/Documents/tmp/log/win8.1x64-security-20190731.csv
7/31/2019 6:26:24 AM,4688,user,,,	c:\windows\system32\control.exe,,,localadmin\user,normal,/Users/marikof/Documents/tmp/log/win8.1x64-security-20190731.csv
7/31/2019 6:25:30 AM,4688,user,,,	c:\program files (x86)\internet explorer\iexplore.exe,,,localadmin\user,normal,/Users/marikof/Documents/tmp/log/win8.1x64-security-20190731.csv
7/31/2019 6:25:30 AM,4688,user,,,	c:\windows\system32\taskkill.exe,,,localadmin\user,normal,/Users/marikof/Documents/tmp/log/win8.1x64-security-20190731.csv
7/31/2019 6:25:30 AM,4688,localadmin$,,,	c:\windows\system32\searchfilterhost.exe,,,system,normal,/Users/marikof/Documents/tmp/log/win8.1x64-security-20190731.csv
7/31/2019 6:25:29 AM,4688,localadmin$,,,	c:\windows\system32\dllhost.exe,,,system,normal,/Users/marikof/Documents/tmp/log/win8.1x64-security-20190731.csv
7/31/2019 6:25:28 AM,4688,user,,,	c:\windows\system32\ipconfig.exe,,,localadmin\user,normal,/Users/marikof/Documents/tmp/log/win8.1x64-security-20190731.csv
7/31/2019 6:25:28 AM,4688,user,,,	c:\program files\internet explorer\iexplore.exe,,,localadmin\user,normal,/Users/marikof/Documents/tmp/log/win8.1x64-security-20190731.csv
7/31/2019 6:25:27 AM,4688,user,,,	c:\windows\system32\conhost.exe,,,localadmin\user,normal,/Users/marikof/Documents/tmp/log/win8.1x64-security-20190731.csv
7/31/2019 6:25:27 AM,4688,user,,,	c:\windows\system32\cmd.exe,,,localadmin\user,normal,/Users/marikof/Documents/tmp/log/win8.1x64-security-20190731.csv
7/31/2019 6:25:21 AM,4688,localadmin$,,,	c:\windows\system32\dllhost.exe,,,system,normal,/Users/marikof/Documents/tmp/log/win8.1x64-security-20190731.csv
7/31/2019 6:25:20 AM,4688,localadmin$,,,	c:\windows\system32\searchprotocolhost.exe,,,system,normal,/Users/marikof/Documents/tmp/log/win8.1x64-security-20190731.csv
7/31/2019 6:25:11 AM,4688,user,,,	c:\windows\system32\taskkill.exe,,,localadmin\user,normal,/Users/marikof/Documents/tmp/log/win8.1x64-security-20190731.csv
7/31/2019 6:24:40 AM,4688,localadmin$,,,	c:\windows\system32\wbem\wmiprvse.exe,,,system,normal,/Users/marikof/Documents/tmp/log/win8.1x64-security-20190731.csv
7/31/2019 6:24:40 AM,4688,user,,,	c:\windows\system32\taskkill.exe,,,localadmin\user,normal,/Users/marikof/Documents/tmp/log/win8.1x64-security-20190731.csv
7/31/2019 6:21:16 AM,4688,user,,,	c:\program files (x86)\internet explorer\iexplore.exe,,,localadmin\user,normal,/Users/marikof/Documents/tmp/log/win8.1x64-security-20190731.csv
7/31/2019 6:21:14 AM,4688,user,,,	c:\program files\internet explorer\iexplore.exe,,,localadmin\user,normal,/Users/marikof/Documents/tmp/log/win8.1x64-security-20190731.csv
7/31/2019 6:20:57 AM,4688,user,,,	c:\windows\system32\notepad.exe,,,localadmin\user,normal,/Users/marikof/Documents/tmp/log/win8.1x64-security-20190731.csv
7/31/2019 6:20:24 AM,4688,localadmin$,,,	c:\windows\system32\dllhost.exe,,,system,normal,/Users/marikof/Documents/tmp/log/win8.1x64-security-20190731.csv
7/31/2019 6:20:23 AM,4688,user,,,	c:\program files (x86)\internet explorer\iexplore.exe,,,localadmin\user,normal,/Users/marikof/Documents/tmp/log/win8.1x64-security-20190731.csv
7/31/2019 6:20:23 AM,4688,user,,,	c:\windows\system32\ipconfig.exe,,,localadmin\user,normal,/Users/marikof/Documents/tmp/log/win8.1x64-security-20190731.csv
7/31/2019 6:20:22 AM,4688,user,,,	c:\windows\system32\conhost.exe,,,localadmin\user,normal,/Users/marikof/Documents/tmp/log/win8.1x64-security-20190731.csv
7/31/2019 6:20:22 AM,4688,user,,,	c:\windows\system32\cmd.exe,,,localadmin\user,normal,/Users/marikof/Documents/tmp/log/win8.1x64-security-20190731.csv
7/31/2019 6:20:16 AM,4688,localadmin$,,,	c:\windows\system32\dllhost.exe,,,system,normal,/Users/marikof/Documents/tmp/log/win8.1x64-security-20190731.csv
7/31/2019 6:19:58 AM,4688,user,,,	c:\windows\system32\notepad.exe,,,localadmin\user,normal,/Users/marikof/Documents/tmp/log/win8.1x64-security-20190731.csv
7/31/2019 6:19:50 AM,4688,localadmin$,,,	c:\windows\system32\dllhost.exe,,,system,normal,/Users/marikof/Documents/tmp/log/win8.1x64-security-20190731.csv
7/31/2019 6:19:34 AM,4688,localadmin$,,,	c:\windows\system32\dllhost.exe,,,system,normal,/Users/marikof/Documents/tmp/log/win8.1x64-security-20190731.csv
7/31/2019 6:19:25 AM,4688,localadmin$,,,	c:\windows\system32\dllhost.exe,,,system,normal,/Users/marikof/Documents/tmp/log/win8.1x64-security-20190731.csv
7/31/2019 6:18:43 AM,4688,localadmin$,,,	c:\windows\system32\searchfilterhost.exe,,,system,normal,/Users/marikof/Documents/tmp/log/win8.1x64-security-20190731.csv
7/31/2019 6:18:33 AM,4688,localadmin$,,,	c:\windows\system32\searchprotocolhost.exe,,,system,normal,/Users/marikof/Documents/tmp/log/win8.1x64-security-20190731.csv
7/31/2019 6:15:47 AM,4688,user,,,	c:\program files (x86)\internet explorer\iexplore.exe,,,localadmin\user,normal,/Users/marikof/Documents/tmp/log/win8.1x64-security-20190731.csv
7/31/2019 6:15:46 AM,4688,user,,,	c:\program files\internet explorer\iexplore.exe,,,localadmin\user,normal,/Users/marikof/Documents/tmp/log/win8.1x64-security-20190731.csv
7/31/2019 6:15:43 AM,4688,user,,,	c:\program files (x86)\internet explorer\iexplore.exe,,,localadmin\user,normal,/Users/marikof/Documents/tmp/log/win8.1x64-security-20190731.csv
7/31/2019 6:15:13 AM,4688,user,,,	c:\program files (x86)\internet explorer\iexplore.exe,,,localadmin\user,normal,/Users/marikof/Documents/tmp/log/win8.1x64-security-20190731.csv
7/31/2019 6:15:09 AM,4688,user,,,	c:\windows\system32\taskhostex.exe,,,localadmin\user,normal,/Users/marikof/Documents/tmp/log/win8.1x64-security-20190731.csv
7/31/2019 6:15:06 AM,4688,localadmin$,,,	c:\windows\system32\werfault.exe,,,system,normal,/Users/marikof/Documents/tmp/log/win8.1x64-security-20190731.csv
7/31/2019 6:15:05 AM,4688,localadmin$,,,	c:\windows\syswow64\werfault.exe,,,system,normal,/Users/marikof/Documents/tmp/log/win8.1x64-security-20190731.csv
7/31/2019 6:15:05 AM,4688,localadmin$,,,	c:\windows\system32\svchost.exe,,,system,normal,/Users/marikof/Documents/tmp/log/win8.1x64-security-20190731.csv
7/31/2019 6:15:05 AM,4672,system,,,,,,system,normal,/Users/marikof/Documents/tmp/log/win8.1x64-security-20190731.csv
7/31/2019 6:15:05 AM,4624,system,	-,,		c:\windows\system32\services.exe,,,system,normal,/Users/marikof/Documents/tmp/log/win8.1x64-security-20190731.csv
7/31/2019 6:15:05 AM,4688,user,,,	c:\program files (x86)\internet explorer\iexplore.exe,,,localadmin\user,normal,/Users/marikof/Documents/tmp/log/win8.1x64-security-20190731.csv
7/31/2019 6:14:01 AM,4688,localadmin$,,,	c:\windows\system32\searchprotocolhost.exe,,,system,normal,/Users/marikof/Documents/tmp/log/win8.1x64-security-20190731.csv
7/31/2019 6:13:40 AM,4688,user,,,	c:\windows\system32\notepad.exe,,,localadmin\user,normal,/Users/marikof/Documents/tmp/log/win8.1x64-security-20190731.csv
7/31/2019 6:13:37 AM,4688,localadmin$,,,	c:\windows\system32\dllhost.exe,,,system,normal,/Users/marikof/Documents/tmp/log/win8.1x64-security-20190731.csv
7/31/2019 6:13:37 AM,4688,localadmin$,,,	c:\windows\system32\searchfilterhost.exe,,,system,normal,/Users/marikof/Documents/tmp/log/win8.1x64-security-20190731.csv
7/31/2019 6:13:06 AM,4776,guest,	LOCALADMIN,,,,,,normal,/Users/marikof/Documents/tmp/log/win8.1x64-security-20190731.csv
7/31/2019 6:13:05 AM,5140,user,		fe80,,,,		\\*\users,localadmin\user,normal,/Users/marikof/Documents/tmp/log/win8.1x64-security-20190731.csv
7/31/2019 6:12:03 AM,5140,user,		fe80,,,,		\\*\users,localadmin\user,normal,/Users/marikof/Documents/tmp/log/win8.1x64-security-20190731.csv
7/31/2019 6:11:49 AM,4776,guest,	LOCALADMIN,,,,,,normal,/Users/marikof/Documents/tmp/log/win8.1x64-security-20190731.csv
7/31/2019 6:11:49 AM,5140,user,		fe80,,,,		\\*\users,localadmin\user,normal,/Users/marikof/Documents/tmp/log/win8.1x64-security-20190731.csv
7/31/2019 6:11:49 AM,5140,user,		fe80,,,,		\\*\ipc$,localadmin\user,normal,/Users/marikof/Documents/tmp/log/win8.1x64-security-20190731.csv
7/31/2019 6:11:31 AM,4688,localadmin$,,,	c:\windows\system32\dllhost.exe,,,system,normal,/Users/marikof/Documents/tmp/log/win8.1x64-security-20190731.csv
7/31/2019 6:10:35 AM,4688,localadmin$,,,	c:\windows\system32\searchfilterhost.exe,,,system,normal,/Users/marikof/Documents/tmp/log/win8.1x64-security-20190731.csv
7/31/2019 6:10:24 AM,4688,localadmin$,,,	c:\windows\system32\dllhost.exe,,,system,normal,/Users/marikof/Documents/tmp/log/win8.1x64-security-20190731.csv
7/31/2019 6:10:24 AM,4688,localadmin$,,,	c:\windows\system32\searchprotocolhost.exe,,,system,normal,/Users/marikof/Documents/tmp/log/win8.1x64-security-20190731.csv
7/31/2019 6:10:10 AM,4688,user,,,	c:\windows\system32\ipconfig.exe,,,localadmin\user,normal,/Users/marikof/Documents/tmp/log/win8.1x64-security-20190731.csv
7/31/2019 6:09:17 AM,4688,user,,,	c:\program files (x86)\internet explorer\iexplore.exe,,,localadmin\user,normal,/Users/marikof/Documents/tmp/log/win8.1x64-security-20190731.csv
7/31/2019 6:09:14 AM,4688,localadmin$,,,	c:\windows\syswow64\werfault.exe,,,system,normal,/Users/marikof/Documents/tmp/log/win8.1x64-security-20190731.csv
7/31/2019 6:09:14 AM,4688,localadmin$,,,	c:\windows\system32\svchost.exe,,,system,normal,/Users/marikof/Documents/tmp/log/win8.1x64-security-20190731.csv
7/31/2019 6:09:14 AM,4672,system,,,,,,system,normal,/Users/marikof/Documents/tmp/log/win8.1x64-security-20190731.csv
7/31/2019 6:09:14 AM,4624,system,	-,,		c:\windows\system32\services.exe,,,system,normal,/Users/marikof/Documents/tmp/log/win8.1x64-security-20190731.csv
7/31/2019 6:09:14 AM,4688,user,,,	c:\program files (x86)\internet explorer\iexplore.exe,,,localadmin\user,normal,/Users/marikof/Documents/tmp/log/win8.1x64-security-20190731.csv
7/31/2019 6:06:36 AM,4688,user,,,	c:\program files (x86)\internet explorer\iexplore.exe,,,localadmin\user,normal,/Users/marikof/Documents/tmp/log/win8.1x64-security-20190731.csv
7/31/2019 6:06:20 AM,4688,localadmin$,,,	c:\windows\system32\searchfilterhost.exe,,,system,normal,/Users/marikof/Documents/tmp/log/win8.1x64-security-20190731.csv
7/31/2019 6:06:11 AM,4688,localadmin$,,,	c:\windows\system32\searchprotocolhost.exe,,,system,normal,/Users/marikof/Documents/tmp/log/win8.1x64-security-20190731.csv
7/31/2019 6:05:31 AM,4688,localadmin$,,,	c:\windows\system32\dllhost.exe,,,system,normal,/Users/marikof/Documents/tmp/log/win8.1x64-security-20190731.csv
7/31/2019 6:03:33 AM,4688,localadmin$,,,	c:\windows\system32\searchprotocolhost.exe,,,system,normal,/Users/marikof/Documents/tmp/log/win8.1x64-security-20190731.csv
7/31/2019 6:02:15 AM,4688,localadmin$,,,	c:\windows\system32\searchfilterhost.exe,,,system,normal,/Users/marikof/Documents/tmp/log/win8.1x64-security-20190731.csv
7/31/2019 6:02:05 AM,4688,localadmin$,,,	c:\windows\system32\searchprotocolhost.exe,,,system,normal,/Users/marikof/Documents/tmp/log/win8.1x64-security-20190731.csv
7/31/2019 5:53:29 AM,4688,user,,,	c:\program files\internet explorer\ielowutil.exe,,,localadmin\user,normal,/Users/marikof/Documents/tmp/log/win8.1x64-security-20190731.csv
7/31/2019 5:53:17 AM,4688,localadmin$,,,	c:\windows\system32\wbem\wmiprvse.exe,,,system,normal,/Users/marikof/Documents/tmp/log/win8.1x64-security-20190731.csv
7/31/2019 5:52:26 AM,4688,localadmin$,,,	c:\windows\system32\msfeedssync.exe,,,system,normal,/Users/marikof/Documents/tmp/log/win8.1x64-security-20190731.csv
7/31/2019 5:48:42 AM,4688,localadmin$,,,	c:\windows\system32\searchfilterhost.exe,,,system,normal,/Users/marikof/Documents/tmp/log/win8.1x64-security-20190731.csv
7/31/2019 5:48:33 AM,4688,localadmin$,,,	c:\windows\system32\searchprotocolhost.exe,,,system,normal,/Users/marikof/Documents/tmp/log/win8.1x64-security-20190731.csv
7/31/2019 5:44:31 AM,4688,user,,,	c:\program files (x86)\internet explorer\iexplore.exe,,,localadmin\user,normal,/Users/marikof/Documents/tmp/log/win8.1x64-security-20190731.csv
7/31/2019 5:44:22 AM,4688,user,,,	c:\program files (x86)\internet explorer\iexplore.exe,,,localadmin\user,normal,/Users/marikof/Documents/tmp/log/win8.1x64-security-20190731.csv
7/31/2019 5:44:22 AM,4688,user,,,	c:\program files (x86)\internet explorer\iexplore.exe,,,localadmin\user,normal,/Users/marikof/Documents/tmp/log/win8.1x64-security-20190731.csv
7/31/2019 5:44:14 AM,4688,user,,,	c:\windows\system32\taskhostex.exe,,,localadmin\user,normal,/Users/marikof/Documents/tmp/log/win8.1x64-security-20190731.csv
7/31/2019 5:44:10 AM,4688,localadmin$,,,	c:\windows\system32\werfault.exe,,,system,normal,/Users/marikof/Documents/tmp/log/win8.1x64-security-20190731.csv
7/31/2019 5:44:09 AM,4688,localadmin$,,,	c:\windows\syswow64\werfault.exe,,,system,normal,/Users/marikof/Documents/tmp/log/win8.1x64-security-20190731.csv
7/31/2019 5:44:09 AM,4688,localadmin$,,,	c:\windows\system32\svchost.exe,,,system,normal,/Users/marikof/Documents/tmp/log/win8.1x64-security-20190731.csv
7/31/2019 5:44:09 AM,4672,system,,,,,,system,normal,/Users/marikof/Documents/tmp/log/win8.1x64-security-20190731.csv
7/31/2019 5:44:09 AM,4624,system,	-,,		c:\windows\system32\services.exe,,,system,normal,/Users/marikof/Documents/tmp/log/win8.1x64-security-20190731.csv
7/31/2019 5:44:09 AM,4688,user,,,	c:\program files (x86)\internet explorer\iexplore.exe,,,localadmin\user,normal,/Users/marikof/Documents/tmp/log/win8.1x64-security-20190731.csv
7/31/2019 5:42:36 AM,4688,user,,,	c:\program files (x86)\internet explorer\iexplore.exe,,,localadmin\user,normal,/Users/marikof/Documents/tmp/log/win8.1x64-security-20190731.csv
7/31/2019 5:42:33 AM,4688,user,,,	c:\program files (x86)\internet explorer\iexplore.exe,,,localadmin\user,normal,/Users/marikof/Documents/tmp/log/win8.1x64-security-20190731.csv
7/31/2019 5:42:33 AM,4688,user,,,	c:\program files (x86)\internet explorer\iexplore.exe,,,localadmin\user,normal,/Users/marikof/Documents/tmp/log/win8.1x64-security-20190731.csv
7/31/2019 5:42:32 AM,4688,user,,,	c:\windows\system32\sc.exe,,,localadmin\user,normal,/Users/marikof/Documents/tmp/log/win8.1x64-security-20190731.csv
7/31/2019 5:42:32 AM,4688,user,,,	c:\program files\internet explorer\iexplore.exe,,,localadmin\user,normal,/Users/marikof/Documents/tmp/log/win8.1x64-security-20190731.csv
7/31/2019 5:42:24 AM,4688,user,,,	c:\program files\internet explorer\iexplore.exe,,,localadmin\user,normal,/Users/marikof/Documents/tmp/log/win8.1x64-security-20190731.csv
7/31/2019 5:42:09 AM,4688,user,,,	c:\program files\internet explorer\iexplore.exe,,,localadmin\user,normal,/Users/marikof/Documents/tmp/log/win8.1x64-security-20190731.csv
7/31/2019 5:41:08 AM,4688,localadmin$,,,	c:\windows\system32\searchfilterhost.exe,,,system,normal,/Users/marikof/Documents/tmp/log/win8.1x64-security-20190731.csv
7/31/2019 5:40:57 AM,4688,localadmin$,,,	c:\windows\system32\searchprotocolhost.exe,,,system,normal,/Users/marikof/Documents/tmp/log/win8.1x64-security-20190731.csv
7/31/2019 5:40:46 AM,4688,user,,,	c:\windows\system32\conhost.exe,,,localadmin\user,normal,/Users/marikof/Documents/tmp/log/win8.1x64-security-20190731.csv
7/31/2019 5:40:46 AM,4688,user,,,	c:\windows\system32\cmd.exe,,,localadmin\user,normal,/Users/marikof/Documents/tmp/log/win8.1x64-security-20190731.csv
7/31/2019 5:40:38 AM,4688,user,,,	c:\program files (x86)\internet explorer\iexplore.exe,,,localadmin\user,normal,/Users/marikof/Documents/tmp/log/win8.1x64-security-20190731.csv
7/31/2019 5:40:35 AM,4688,user,,,	c:\program files\internet explorer\iexplore.exe,,,localadmin\user,normal,/Users/marikof/Documents/tmp/log/win8.1x64-security-20190731.csv
7/31/2019 5:36:19 AM,4688,localadmin$,,,	c:\windows\system32\searchfilterhost.exe,,,system,normal,/Users/marikof/Documents/tmp/log/win8.1x64-security-20190731.csv
7/31/2019 5:34:50 AM,4688,user,,,	c:\program files (x86)\internet explorer\iexplore.exe,,,localadmin\user,normal,/Users/marikof/Documents/tmp/log/win8.1x64-security-20190731.csv
7/31/2019 5:34:20 AM,4688,user,,,	c:\program files (x86)\internet explorer\iexplore.exe,,,localadmin\user,normal,/Users/marikof/Documents/tmp/log/win8.1x64-security-20190731.csv
7/31/2019 5:34:13 AM,4688,user,,,	c:\windows\system32\taskhostex.exe,,,localadmin\user,normal,/Users/marikof/Documents/tmp/log/win8.1x64-security-20190731.csv
7/31/2019 5:34:12 AM,4688,localadmin$,,,	c:\windows\system32\werfault.exe,,,system,normal,/Users/marikof/Documents/tmp/log/win8.1x64-security-20190731.csv
7/31/2019 5:34:11 AM,4688,localadmin$,,,	c:\windows\syswow64\werfault.exe,,,system,normal,/Users/marikof/Documents/tmp/log/win8.1x64-security-20190731.csv
7/31/2019 5:34:10 AM,4688,localadmin$,,,	c:\windows\system32\svchost.exe,,,system,normal,/Users/marikof/Documents/tmp/log/win8.1x64-security-20190731.csv
7/31/2019 5:34:10 AM,4672,system,,,,,,system,normal,/Users/marikof/Documents/tmp/log/win8.1x64-security-20190731.csv
7/31/2019 5:34:10 AM,4624,system,	-,,		c:\windows\system32\services.exe,,,system,normal,/Users/marikof/Documents/tmp/log/win8.1x64-security-20190731.csv
7/31/2019 5:34:10 AM,4688,user,,,	c:\program files (x86)\internet explorer\iexplore.exe,,,localadmin\user,normal,/Users/marikof/Documents/tmp/log/win8.1x64-security-20190731.csv
7/31/2019 5:33:28 AM,4688,localadmin$,,,	c:\windows\system32\searchprotocolhost.exe,,,system,normal,/Users/marikof/Documents/tmp/log/win8.1x64-security-20190731.csv
7/31/2019 5:31:53 AM,4688,user,,,	c:\program files (x86)\internet explorer\iexplore.exe,,,localadmin\user,normal,/Users/marikof/Documents/tmp/log/win8.1x64-security-20190731.csv
7/31/2019 5:31:50 AM,4688,user,,,	c:\program files\internet explorer\iexplore.exe,,,localadmin\user,normal,/Users/marikof/Documents/tmp/log/win8.1x64-security-20190731.csv
7/31/2019 5:31:00 AM,4688,localadmin$,,,	c:\windows\system32\searchfilterhost.exe,,,system,normal,/Users/marikof/Documents/tmp/log/win8.1x64-security-20190731.csv
7/31/2019 5:30:49 AM,4688,localadmin$,,,	c:\windows\system32\searchprotocolhost.exe,,,system,normal,/Users/marikof/Documents/tmp/log/win8.1x64-security-20190731.csv
7/31/2019 5:30:31 AM,4688,user,,,	c:\windows\system32\conhost.exe,,,localadmin\user,normal,/Users/marikof/Documents/tmp/log/win8.1x64-security-20190731.csv
7/31/2019 5:30:31 AM,4688,user,,,	c:\windows\system32\cmd.exe,,,localadmin\user,normal,/Users/marikof/Documents/tmp/log/win8.1x64-security-20190731.csv
7/31/2019 5:30:16 AM,4688,user,,,	c:\program files (x86)\macrorecorder\macrorecorder.exe,,,localadmin\user,normal,/Users/marikof/Documents/tmp/log/win8.1x64-security-20190731.csv
7/31/2019 5:30:14 AM,4688,localadmin$,,,	c:\windows\system32\wbem\wmiprvse.exe,,,system,normal,/Users/marikof/Documents/tmp/log/win8.1x64-security-20190731.csv
7/31/2019 5:30:11 AM,4688,localadmin$,,,	c:\windows\system32\dllhost.exe,,,system,normal,/Users/marikof/Documents/tmp/log/win8.1x64-security-20190731.csv
7/31/2019 5:29:26 AM,4688,localadmin$,,,	c:\windows\system32\msfeedssync.exe,,,system,normal,/Users/marikof/Documents/tmp/log/win8.1x64-security-20190731.csv
7/31/2019 5:26:29 AM,4688,localadmin$,,,	c:\windows\system32\searchfilterhost.exe,,,system,normal,/Users/marikof/Documents/tmp/log/win8.1x64-security-20190731.csv
7/31/2019 5:26:19 AM,4688,localadmin$,,,	c:\windows\system32\dllhost.exe,,,system,normal,/Users/marikof/Documents/tmp/log/win8.1x64-security-20190731.csv
7/31/2019 5:26:19 AM,4688,localadmin$,,,	c:\windows\system32\searchprotocolhost.exe,,,system,normal,/Users/marikof/Documents/tmp/log/win8.1x64-security-20190731.csv
7/31/2019 5:25:57 AM,4688,user,,,	c:\windows\system32\ipconfig.exe,,,localadmin\user,normal,/Users/marikof/Documents/tmp/log/win8.1x64-security-20190731.csv
7/31/2019 5:25:51 AM,4688,user,,,	c:\windows\system32\conhost.exe,,,localadmin\user,normal,/Users/marikof/Documents/tmp/log/win8.1x64-security-20190731.csv
7/31/2019 5:25:51 AM,4688,user,,,	c:\windows\system32\cmd.exe,,,localadmin\user,normal,/Users/marikof/Documents/tmp/log/win8.1x64-security-20190731.csv
7/31/2019 5:23:23 AM,4688,user,,,	c:\program files (x86)\internet explorer\iexplore.exe,,,localadmin\user,normal,/Users/marikof/Documents/tmp/log/win8.1x64-security-20190731.csv
7/31/2019 5:23:20 AM,4688,user,,,	c:\program files\internet explorer\iexplore.exe,,,localadmin\user,normal,/Users/marikof/Documents/tmp/log/win8.1x64-security-20190731.csv
7/31/2019 5:22:48 AM,4688,user,,,	c:\program files\windows nt\accessories\wordpad.exe,,,localadmin\user,normal,/Users/marikof/Documents/tmp/log/win8.1x64-security-20190731.csv
7/31/2019 5:22:44 AM,4688,localadmin$,,,	c:\windows\system32\dllhost.exe,,,system,normal,/Users/marikof/Documents/tmp/log/win8.1x64-security-20190731.csv
7/31/2019 5:22:44 AM,4688,localadmin$,,,	c:\windows\system32\searchfilterhost.exe,,,system,normal,/Users/marikof/Documents/tmp/log/win8.1x64-security-20190731.csv
7/31/2019 5:22:13 AM,4688,localadmin$,,,	c:\windows\system32\dllhost.exe,,,system,normal,/Users/marikof/Documents/tmp/log/win8.1x64-security-20190731.csv
7/31/2019 5:21:44 AM,4688,user,,,	c:\windows\system32\ipconfig.exe,,,localadmin\user,normal,/Users/marikof/Documents/tmp/log/win8.1x64-security-20190731.csv
7/31/2019 5:21:38 AM,4688,user,,,	c:\windows\system32\conhost.exe,,,localadmin\user,normal,/Users/marikof/Documents/tmp/log/win8.1x64-security-20190731.csv
7/31/2019 5:21:38 AM,4688,user,,,	c:\windows\system32\cmd.exe,,,localadmin\user,normal,/Users/marikof/Documents/tmp/log/win8.1x64-security-20190731.csv
7/31/2019 5:20:02 AM,4688,user,,,	c:\program files (x86)\internet explorer\iexplore.exe,,,localadmin\user,normal,/Users/marikof/Documents/tmp/log/win8.1x64-security-20190731.csv
7/31/2019 5:19:59 AM,4688,user,,,	c:\program files\internet explorer\iexplore.exe,,,localadmin\user,normal,/Users/marikof/Documents/tmp/log/win8.1x64-security-20190731.csv
7/31/2019 5:19:27 AM,4688,user,,,	c:\program files\windows nt\accessories\wordpad.exe,,,localadmin\user,normal,/Users/marikof/Documents/tmp/log/win8.1x64-security-20190731.csv
7/31/2019 5:19:24 AM,4688,localadmin$,,,	c:\windows\system32\dllhost.exe,,,system,normal,/Users/marikof/Documents/tmp/log/win8.1x64-security-20190731.csv
7/31/2019 5:18:52 AM,4688,localadmin$,,,	c:\windows\system32\dllhost.exe,,,system,normal,/Users/marikof/Documents/tmp/log/win8.1x64-security-20190731.csv
7/31/2019 5:18:43 AM,4688,localadmin$,,,	c:\windows\system32\searchfilterhost.exe,,,system,normal,/Users/marikof/Documents/tmp/log/win8.1x64-security-20190731.csv
7/31/2019 5:18:33 AM,4688,localadmin$,,,	c:\windows\system32\searchprotocolhost.exe,,,system,normal,/Users/marikof/Documents/tmp/log/win8.1x64-security-20190731.csv
7/31/2019 5:18:23 AM,4688,user,,,	c:\windows\system32\ipconfig.exe,,,localadmin\user,normal,/Users/marikof/Documents/tmp/log/win8.1x64-security-20190731.csv
7/31/2019 5:18:14 AM,4688,user,,,	c:\windows\system32\conhost.exe,,,localadmin\user,normal,/Users/marikof/Documents/tmp/log/win8.1x64-security-20190731.csv
7/31/2019 5:18:14 AM,4688,user,,,	c:\windows\system32\cmd.exe,,,localadmin\user,normal,/Users/marikof/Documents/tmp/log/win8.1x64-security-20190731.csv
7/31/2019 5:10:39 AM,4688,localadmin$,,,	c:\windows\system32\searchfilterhost.exe,,,system,normal,/Users/marikof/Documents/tmp/log/win8.1x64-security-20190731.csv
7/31/2019 5:10:29 AM,4688,localadmin$,,,	c:\windows\system32\searchprotocolhost.exe,,,system,normal,/Users/marikof/Documents/tmp/log/win8.1x64-security-20190731.csv
7/31/2019 4:51:53 AM,4688,localadmin$,,,	c:\windows\system32\searchfilterhost.exe,,,system,normal,/Users/marikof/Documents/tmp/log/win8.1x64-security-20190731.csv
7/31/2019 4:51:42 AM,4688,localadmin$,,,	c:\windows\system32\searchprotocolhost.exe,,,system,normal,/Users/marikof/Documents/tmp/log/win8.1x64-security-20190731.csv
7/31/2019 4:48:43 AM,4688,localadmin$,,,	c:\windows\system32\searchfilterhost.exe,,,system,normal,/Users/marikof/Documents/tmp/log/win8.1x64-security-20190731.csv
7/31/2019 4:48:33 AM,4688,localadmin$,,,	c:\windows\system32\searchprotocolhost.exe,,,system,normal,/Users/marikof/Documents/tmp/log/win8.1x64-security-20190731.csv
7/31/2019 4:37:08 AM,4688,localadmin$,,,	c:\windows\system32\searchfilterhost.exe,,,system,normal,/Users/marikof/Documents/tmp/log/win8.1x64-security-20190731.csv
7/31/2019 4:36:58 AM,4688,localadmin$,,,	c:\windows\system32\searchprotocolhost.exe,,,system,normal,/Users/marikof/Documents/tmp/log/win8.1x64-security-20190731.csv
7/31/2019 4:33:25 AM,4688,localadmin$,,,	c:\windows\system32\svchost.exe,,,system,normal,/Users/marikof/Documents/tmp/log/win8.1x64-security-20190731.csv
7/31/2019 4:33:25 AM,4672,system,,,,,,system,normal,/Users/marikof/Documents/tmp/log/win8.1x64-security-20190731.csv
7/31/2019 4:33:25 AM,4624,system,	-,,		c:\windows\system32\services.exe,,,system,normal,/Users/marikof/Documents/tmp/log/win8.1x64-security-20190731.csv
7/31/2019 4:33:06 AM,4688,localadmin$,,,	c:\windows\system32\rundll32.exe,,,system,normal,/Users/marikof/Documents/tmp/log/win8.1x64-security-20190731.csv
7/31/2019 4:30:55 AM,4688,localadmin$,,,	c:\windows\system32\searchfilterhost.exe,,,system,normal,/Users/marikof/Documents/tmp/log/win8.1x64-security-20190731.csv
7/31/2019 4:30:46 AM,4688,localadmin$,,,	c:\windows\system32\searchprotocolhost.exe,,,system,normal,/Users/marikof/Documents/tmp/log/win8.1x64-security-20190731.csv
7/31/2019 4:18:43 AM,4688,localadmin$,,,	c:\windows\system32\searchfilterhost.exe,,,system,normal,/Users/marikof/Documents/tmp/log/win8.1x64-security-20190731.csv
7/31/2019 4:18:33 AM,4688,localadmin$,,,	c:\windows\system32\searchprotocolhost.exe,,,system,normal,/Users/marikof/Documents/tmp/log/win8.1x64-security-20190731.csv
7/31/2019 4:13:01 AM,4688,localadmin$,,,	c:\windows\system32\searchprotocolhost.exe,,,system,normal,/Users/marikof/Documents/tmp/log/win8.1x64-security-20190731.csv
7/31/2019 4:11:20 AM,4688,user,,,	c:\program files (x86)\internet explorer\iexplore.exe,,,localadmin\user,normal,/Users/marikof/Documents/tmp/log/win8.1x64-security-20190731.csv
7/31/2019 4:11:17 AM,4688,user,,,	c:\program files\internet explorer\iexplore.exe,,,localadmin\user,normal,/Users/marikof/Documents/tmp/log/win8.1x64-security-20190731.csv
7/31/2019 4:10:45 AM,4688,user,,,	c:\program files\windows nt\accessories\wordpad.exe,,,localadmin\user,normal,/Users/marikof/Documents/tmp/log/win8.1x64-security-20190731.csv
7/31/2019 4:10:42 AM,4688,localadmin$,,,	c:\windows\system32\dllhost.exe,,,system,normal,/Users/marikof/Documents/tmp/log/win8.1x64-security-20190731.csv
7/31/2019 4:10:20 AM,4688,localadmin$,,,	c:\windows\system32\searchfilterhost.exe,,,system,normal,/Users/marikof/Documents/tmp/log/win8.1x64-security-20190731.csv
7/31/2019 4:10:10 AM,4688,localadmin$,,,	c:\windows\system32\dllhost.exe,,,system,normal,/Users/marikof/Documents/tmp/log/win8.1x64-security-20190731.csv
7/31/2019 4:10:10 AM,4688,localadmin$,,,	c:\windows\system32\searchprotocolhost.exe,,,system,normal,/Users/marikof/Documents/tmp/log/win8.1x64-security-20190731.csv
7/31/2019 4:09:49 AM,4688,user,,,	c:\windows\system32\ipconfig.exe,,,localadmin\user,normal,/Users/marikof/Documents/tmp/log/win8.1x64-security-20190731.csv
7/31/2019 4:09:43 AM,4688,user,,,	c:\windows\system32\conhost.exe,,,localadmin\user,normal,/Users/marikof/Documents/tmp/log/win8.1x64-security-20190731.csv
7/31/2019 4:09:43 AM,4688,user,,,	c:\windows\system32\cmd.exe,,,localadmin\user,normal,/Users/marikof/Documents/tmp/log/win8.1x64-security-20190731.csv
7/31/2019 4:04:55 AM,4688,user,,,	c:\program files (x86)\internet explorer\iexplore.exe,,,localadmin\user,normal,/Users/marikof/Documents/tmp/log/win8.1x64-security-20190731.csv
7/31/2019 4:04:53 AM,4688,user,,,	c:\program files\internet explorer\iexplore.exe,,,localadmin\user,normal,/Users/marikof/Documents/tmp/log/win8.1x64-security-20190731.csv
7/31/2019 4:04:21 AM,4688,user,,,	c:\program files\windows nt\accessories\wordpad.exe,,,localadmin\user,normal,/Users/marikof/Documents/tmp/log/win8.1x64-security-20190731.csv
7/31/2019 4:04:17 AM,4688,localadmin$,,,	c:\windows\system32\dllhost.exe,,,system,normal,/Users/marikof/Documents/tmp/log/win8.1x64-security-20190731.csv
7/31/2019 4:04:00 AM,4688,localadmin$,,,	c:\windows\system32\searchfilterhost.exe,,,system,normal,/Users/marikof/Documents/tmp/log/win8.1x64-security-20190731.csv
7/31/2019 4:03:46 AM,4688,localadmin$,,,	c:\windows\system32\dllhost.exe,,,system,normal,/Users/marikof/Documents/tmp/log/win8.1x64-security-20190731.csv
7/31/2019 4:03:33 AM,4688,localadmin$,,,	c:\windows\system32\searchprotocolhost.exe,,,system,normal,/Users/marikof/Documents/tmp/log/win8.1x64-security-20190731.csv
7/31/2019 4:03:17 AM,4688,user,,,	c:\windows\system32\ipconfig.exe,,,localadmin\user,normal,/Users/marikof/Documents/tmp/log/win8.1x64-security-20190731.csv
7/31/2019 4:03:11 AM,4688,user,,,	c:\windows\system32\conhost.exe,,,localadmin\user,normal,/Users/marikof/Documents/tmp/log/win8.1x64-security-20190731.csv
7/31/2019 4:03:11 AM,4688,user,,,	c:\windows\system32\cmd.exe,,,localadmin\user,normal,/Users/marikof/Documents/tmp/log/win8.1x64-security-20190731.csv
7/31/2019 4:01:38 AM,4688,localadmin$,,,	c:\windows\system32\searchfilterhost.exe,,,system,normal,/Users/marikof/Documents/tmp/log/win8.1x64-security-20190731.csv
7/31/2019 4:01:19 AM,4688,localadmin$,,,	c:\windows\system32\searchprotocolhost.exe,,,system,normal,/Users/marikof/Documents/tmp/log/win8.1x64-security-20190731.csv
7/31/2019 4:01:02 AM,4688,user,,,	c:\program files (x86)\internet explorer\iexplore.exe,,,localadmin\user,normal,/Users/marikof/Documents/tmp/log/win8.1x64-security-20190731.csv
7/31/2019 4:00:17 AM,4688,user,,,	c:\program files\internet explorer\iexplore.exe,,,localadmin\user,normal,/Users/marikof/Documents/tmp/log/win8.1x64-security-20190731.csv
7/31/2019 3:59:45 AM,4688,user,,,	c:\program files\windows nt\accessories\wordpad.exe,,,localadmin\user,normal,/Users/marikof/Documents/tmp/log/win8.1x64-security-20190731.csv
7/31/2019 3:59:42 AM,4688,localadmin$,,,	c:\windows\system32\dllhost.exe,,,system,normal,/Users/marikof/Documents/tmp/log/win8.1x64-security-20190731.csv
7/31/2019 3:59:20 AM,4688,localadmin$,,,	c:\windows\system32\searchfilterhost.exe,,,system,normal,/Users/marikof/Documents/tmp/log/win8.1x64-security-20190731.csv
7/31/2019 3:59:10 AM,4688,localadmin$,,,	c:\windows\system32\dllhost.exe,,,system,normal,/Users/marikof/Documents/tmp/log/win8.1x64-security-20190731.csv
7/31/2019 3:59:10 AM,4688,localadmin$,,,	c:\windows\system32\searchprotocolhost.exe,,,system,normal,/Users/marikof/Documents/tmp/log/win8.1x64-security-20190731.csv
7/31/2019 3:58:48 AM,4688,user,,,	c:\windows\system32\ipconfig.exe,,,localadmin\user,normal,/Users/marikof/Documents/tmp/log/win8.1x64-security-20190731.csv
7/31/2019 3:58:42 AM,4688,user,,,	c:\windows\system32\conhost.exe,,,localadmin\user,normal,/Users/marikof/Documents/tmp/log/win8.1x64-security-20190731.csv
7/31/2019 3:58:42 AM,4688,user,,,	c:\windows\system32\cmd.exe,,,localadmin\user,normal,/Users/marikof/Documents/tmp/log/win8.1x64-security-20190731.csv
7/31/2019 3:56:08 AM,4688,user,,,	c:\program files (x86)\internet explorer\iexplore.exe,,,localadmin\user,normal,/Users/marikof/Documents/tmp/log/win8.1x64-security-20190731.csv
7/31/2019 3:56:05 AM,4688,user,,,	c:\program files\internet explorer\iexplore.exe,,,localadmin\user,normal,/Users/marikof/Documents/tmp/log/win8.1x64-security-20190731.csv
7/31/2019 3:55:33 AM,4688,user,,,	c:\program files\windows nt\accessories\wordpad.exe,,,localadmin\user,normal,/Users/marikof/Documents/tmp/log/win8.1x64-security-20190731.csv
7/31/2019 3:55:30 AM,4688,localadmin$,,,	c:\windows\system32\dllhost.exe,,,system,normal,/Users/marikof/Documents/tmp/log/win8.1x64-security-20190731.csv
7/31/2019 3:55:08 AM,4688,localadmin$,,,	c:\windows\system32\searchfilterhost.exe,,,system,normal,/Users/marikof/Documents/tmp/log/win8.1x64-security-20190731.csv
7/31/2019 3:54:58 AM,4688,localadmin$,,,	c:\windows\system32\dllhost.exe,,,system,normal,/Users/marikof/Documents/tmp/log/win8.1x64-security-20190731.csv
7/31/2019 3:54:58 AM,4688,localadmin$,,,	c:\windows\system32\searchprotocolhost.exe,,,system,normal,/Users/marikof/Documents/tmp/log/win8.1x64-security-20190731.csv
7/31/2019 3:54:36 AM,4688,user,,,	c:\windows\system32\ipconfig.exe,,,localadmin\user,normal,/Users/marikof/Documents/tmp/log/win8.1x64-security-20190731.csv
7/31/2019 3:54:30 AM,4688,user,,,	c:\windows\system32\conhost.exe,,,localadmin\user,normal,/Users/marikof/Documents/tmp/log/win8.1x64-security-20190731.csv
7/31/2019 3:54:30 AM,4688,user,,,	c:\windows\system32\cmd.exe,,,localadmin\user,normal,/Users/marikof/Documents/tmp/log/win8.1x64-security-20190731.csv
7/31/2019 3:48:43 AM,4688,localadmin$,,,	c:\windows\system32\searchfilterhost.exe,,,system,normal,/Users/marikof/Documents/tmp/log/win8.1x64-security-20190731.csv
7/31/2019 3:48:33 AM,4688,localadmin$,,,	c:\windows\system32\searchprotocolhost.exe,,,system,normal,/Users/marikof/Documents/tmp/log/win8.1x64-security-20190731.csv
7/31/2019 3:38:42 AM,4688,localadmin$,,,	c:\windows\system32\searchfilterhost.exe,,,system,normal,/Users/marikof/Documents/tmp/log/win8.1x64-security-20190731.csv
7/31/2019 3:38:32 AM,4688,localadmin$,,,	c:\windows\system32\searchprotocolhost.exe,,,system,normal,/Users/marikof/Documents/tmp/log/win8.1x64-security-20190731.csv
7/31/2019 3:33:42 AM,4688,localadmin$,,,	c:\windows\system32\searchfilterhost.exe,,,system,normal,/Users/marikof/Documents/tmp/log/win8.1x64-security-20190731.csv
7/31/2019 3:33:33 AM,4688,localadmin$,,,	c:\windows\system32\searchprotocolhost.exe,,,system,normal,/Users/marikof/Documents/tmp/log/win8.1x64-security-20190731.csv
7/31/2019 3:28:38 AM,4688,localadmin$,,,	c:\windows\system32\searchfilterhost.exe,,,system,normal,/Users/marikof/Documents/tmp/log/win8.1x64-security-20190731.csv
7/31/2019 3:28:28 AM,4688,localadmin$,,,	c:\windows\system32\searchprotocolhost.exe,,,system,normal,/Users/marikof/Documents/tmp/log/win8.1x64-security-20190731.csv
7/31/2019 3:19:09 AM,4688,localadmin$,,,	c:\windows\system32\searchprotocolhost.exe,,,system,normal,/Users/marikof/Documents/tmp/log/win8.1x64-security-20190731.csv
7/31/2019 3:18:32 AM,4688,localadmin$,,,	c:\windows\system32\searchfilterhost.exe,,,system,normal,/Users/marikof/Documents/tmp/log/win8.1x64-security-20190731.csv
7/31/2019 3:18:22 AM,4688,localadmin$,,,	c:\windows\system32\searchprotocolhost.exe,,,system,normal,/Users/marikof/Documents/tmp/log/win8.1x64-security-20190731.csv
7/31/2019 3:11:51 AM,4688,localadmin$,,,	c:\windows\system32\searchfilterhost.exe,,,system,normal,/Users/marikof/Documents/tmp/log/win8.1x64-security-20190731.csv
7/31/2019 3:11:41 AM,4688,localadmin$,,,	c:\windows\system32\searchprotocolhost.exe,,,system,normal,/Users/marikof/Documents/tmp/log/win8.1x64-security-20190731.csv
7/31/2019 3:08:31 AM,4688,localadmin$,,,	c:\windows\system32\searchfilterhost.exe,,,system,normal,/Users/marikof/Documents/tmp/log/win8.1x64-security-20190731.csv
7/31/2019 3:08:20 AM,4688,localadmin$,,,	c:\windows\system32\searchprotocolhost.exe,,,system,normal,/Users/marikof/Documents/tmp/log/win8.1x64-security-20190731.csv
7/31/2019 3:03:42 AM,4688,localadmin$,,,	c:\windows\system32\searchfilterhost.exe,,,system,normal,/Users/marikof/Documents/tmp/log/win8.1x64-security-20190731.csv
7/31/2019 3:03:33 AM,4688,localadmin$,,,	c:\windows\system32\searchprotocolhost.exe,,,system,normal,/Users/marikof/Documents/tmp/log/win8.1x64-security-20190731.csv
7/31/2019 2:58:29 AM,4688,localadmin$,,,	c:\windows\system32\searchfilterhost.exe,,,system,normal,/Users/marikof/Documents/tmp/log/win8.1x64-security-20190731.csv
7/31/2019 2:58:18 AM,4688,localadmin$,,,	c:\windows\system32\searchprotocolhost.exe,,,system,normal,/Users/marikof/Documents/tmp/log/win8.1x64-security-20190731.csv
7/31/2019 2:48:33 AM,4688,localadmin$,,,	c:\windows\system32\searchprotocolhost.exe,,,system,normal,/Users/marikof/Documents/tmp/log/win8.1x64-security-20190731.csv
7/31/2019 2:48:22 AM,4688,localadmin$,,,	c:\windows\system32\searchfilterhost.exe,,,system,normal,/Users/marikof/Documents/tmp/log/win8.1x64-security-20190731.csv
7/31/2019 2:48:12 AM,4688,localadmin$,,,	c:\windows\system32\searchprotocolhost.exe,,,system,normal,/Users/marikof/Documents/tmp/log/win8.1x64-security-20190731.csv
7/31/2019 2:38:19 AM,4688,localadmin$,,,	c:\windows\system32\searchfilterhost.exe,,,system,normal,/Users/marikof/Documents/tmp/log/win8.1x64-security-20190731.csv
7/31/2019 2:38:08 AM,4688,localadmin$,,,	c:\windows\system32\searchprotocolhost.exe,,,system,normal,/Users/marikof/Documents/tmp/log/win8.1x64-security-20190731.csv
7/31/2019 2:33:33 AM,4688,localadmin$,,,	c:\windows\system32\searchprotocolhost.exe,,,system,normal,/Users/marikof/Documents/tmp/log/win8.1x64-security-20190731.csv
7/31/2019 2:32:52 AM,4688,localadmin$,,,	c:\windows\system32\searchfilterhost.exe,,,system,normal,/Users/marikof/Documents/tmp/log/win8.1x64-security-20190731.csv
7/31/2019 2:32:41 AM,4688,localadmin$,,,	c:\windows\system32\searchprotocolhost.exe,,,system,normal,/Users/marikof/Documents/tmp/log/win8.1x64-security-20190731.csv
7/31/2019 2:28:19 AM,4688,localadmin$,,,	c:\windows\system32\searchfilterhost.exe,,,system,normal,/Users/marikof/Documents/tmp/log/win8.1x64-security-20190731.csv
7/31/2019 2:28:08 AM,4688,localadmin$,,,	c:\windows\system32\searchprotocolhost.exe,,,system,normal,/Users/marikof/Documents/tmp/log/win8.1x64-security-20190731.csv
7/31/2019 2:18:13 AM,4688,localadmin$,,,	c:\windows\system32\searchfilterhost.exe,,,system,normal,/Users/marikof/Documents/tmp/log/win8.1x64-security-20190731.csv
7/31/2019 2:18:03 AM,4688,localadmin$,,,	c:\windows\system32\searchprotocolhost.exe,,,system,normal,/Users/marikof/Documents/tmp/log/win8.1x64-security-20190731.csv
7/31/2019 2:10:18 AM,4688,localadmin$,,,	c:\windows\system32\searchfilterhost.exe,,,system,normal,/Users/marikof/Documents/tmp/log/win8.1x64-security-20190731.csv
7/31/2019 2:08:11 AM,4688,localadmin$,,,	c:\windows\system32\searchfilterhost.exe,,,system,normal,/Users/marikof/Documents/tmp/log/win8.1x64-security-20190731.csv
7/31/2019 2:08:01 AM,4688,localadmin$,,,	c:\windows\system32\searchprotocolhost.exe,,,system,normal,/Users/marikof/Documents/tmp/log/win8.1x64-security-20190731.csv
7/31/2019 2:03:43 AM,4688,localadmin$,,,	c:\windows\system32\searchfilterhost.exe,,,system,normal,/Users/marikof/Documents/tmp/log/win8.1x64-security-20190731.csv
7/31/2019 2:03:32 AM,4688,localadmin$,,,	c:\windows\system32\searchprotocolhost.exe,,,system,normal,/Users/marikof/Documents/tmp/log/win8.1x64-security-20190731.csv
7/31/2019 1:58:41 AM,4688,localadmin$,,,	c:\windows\system32\taskhost.exe,,,system,normal,/Users/marikof/Documents/tmp/log/win8.1x64-security-20190731.csv
7/31/2019 1:57:54 AM,4688,user,,,	c:\program files (x86)\internet explorer\iexplore.exe,,,localadmin\user,normal,/Users/marikof/Documents/tmp/log/win8.1x64-security-20190731.csv
7/31/2019 1:57:51 AM,4688,user,,,	c:\program files\internet explorer\iexplore.exe,,,localadmin\user,normal,/Users/marikof/Documents/tmp/log/win8.1x64-security-20190731.csv
7/31/2019 1:57:19 AM,4688,user,,,	c:\program files\windows nt\accessories\wordpad.exe,,,localadmin\user,normal,/Users/marikof/Documents/tmp/log/win8.1x64-security-20190731.csv
7/31/2019 1:57:16 AM,4688,localadmin$,,,	c:\windows\system32\dllhost.exe,,,system,normal,/Users/marikof/Documents/tmp/log/win8.1x64-security-20190731.csv
7/31/2019 1:56:54 AM,4688,localadmin$,,,	c:\windows\system32\searchfilterhost.exe,,,system,normal,/Users/marikof/Documents/tmp/log/win8.1x64-security-20190731.csv
7/31/2019 1:56:44 AM,4688,localadmin$,,,	c:\windows\system32\dllhost.exe,,,system,normal,/Users/marikof/Documents/tmp/log/win8.1x64-security-20190731.csv
7/31/2019 1:56:44 AM,4688,localadmin$,,,	c:\windows\system32\searchprotocolhost.exe,,,system,normal,/Users/marikof/Documents/tmp/log/win8.1x64-security-20190731.csv
7/31/2019 1:56:23 AM,4688,user,,,	c:\windows\system32\ipconfig.exe,,,localadmin\user,normal,/Users/marikof/Documents/tmp/log/win8.1x64-security-20190731.csv
7/31/2019 1:56:17 AM,4688,user,,,	c:\windows\system32\conhost.exe,,,localadmin\user,normal,/Users/marikof/Documents/tmp/log/win8.1x64-security-20190731.csv
7/31/2019 1:56:17 AM,4688,user,,,	c:\windows\system32\cmd.exe,,,localadmin\user,normal,/Users/marikof/Documents/tmp/log/win8.1x64-security-20190731.csv
7/31/2019 1:52:19 AM,4688,user,,,	c:\program files (x86)\internet explorer\iexplore.exe,,,localadmin\user,normal,/Users/marikof/Documents/tmp/log/win8.1x64-security-20190731.csv
7/31/2019 1:52:16 AM,4688,user,,,	c:\program files\internet explorer\iexplore.exe,,,localadmin\user,normal,/Users/marikof/Documents/tmp/log/win8.1x64-security-20190731.csv
7/31/2019 1:51:44 AM,4688,user,,,	c:\program files\windows nt\accessories\wordpad.exe,,,localadmin\user,normal,/Users/marikof/Documents/tmp/log/win8.1x64-security-20190731.csv
7/31/2019 1:51:41 AM,4688,localadmin$,,,	c:\windows\system32\dllhost.exe,,,system,normal,/Users/marikof/Documents/tmp/log/win8.1x64-security-20190731.csv
7/31/2019 1:51:19 AM,4688,localadmin$,,,	c:\windows\system32\searchfilterhost.exe,,,system,normal,/Users/marikof/Documents/tmp/log/win8.1x64-security-20190731.csv
7/31/2019 1:51:09 AM,4688,localadmin$,,,	c:\windows\system32\dllhost.exe,,,system,normal,/Users/marikof/Documents/tmp/log/win8.1x64-security-20190731.csv
7/31/2019 1:51:09 AM,4688,localadmin$,,,	c:\windows\system32\searchprotocolhost.exe,,,system,normal,/Users/marikof/Documents/tmp/log/win8.1x64-security-20190731.csv
7/31/2019 1:50:40 AM,4688,user,,,	c:\windows\system32\ipconfig.exe,,,localadmin\user,normal,/Users/marikof/Documents/tmp/log/win8.1x64-security-20190731.csv
7/31/2019 1:50:34 AM,4688,user,,,	c:\windows\system32\conhost.exe,,,localadmin\user,normal,/Users/marikof/Documents/tmp/log/win8.1x64-security-20190731.csv
7/31/2019 1:50:34 AM,4688,user,,,	c:\windows\system32\cmd.exe,,,localadmin\user,normal,/Users/marikof/Documents/tmp/log/win8.1x64-security-20190731.csv
7/31/2019 1:49:25 AM,4688,localadmin$,,,	c:\windows\system32\searchfilterhost.exe,,,system,normal,/Users/marikof/Documents/tmp/log/win8.1x64-security-20190731.csv
7/31/2019 1:49:15 AM,4688,localadmin$,,,	c:\windows\system32\dllhost.exe,,,system,normal,/Users/marikof/Documents/tmp/log/win8.1x64-security-20190731.csv
7/31/2019 1:49:15 AM,4688,localadmin$,,,	c:\windows\system32\searchprotocolhost.exe,,,system,normal,/Users/marikof/Documents/tmp/log/win8.1x64-security-20190731.csv
7/31/2019 1:48:46 AM,4688,user,,,	c:\windows\system32\ipconfig.exe,,,localadmin\user,normal,/Users/marikof/Documents/tmp/log/win8.1x64-security-20190731.csv
7/31/2019 1:48:40 AM,4688,user,,,	c:\windows\system32\conhost.exe,,,localadmin\user,normal,/Users/marikof/Documents/tmp/log/win8.1x64-security-20190731.csv
7/31/2019 1:48:40 AM,4688,user,,,	c:\windows\system32\cmd.exe,,,localadmin\user,normal,/Users/marikof/Documents/tmp/log/win8.1x64-security-20190731.csv
7/31/2019 1:43:58 AM,4688,localadmin$,,,	c:\windows\system32\searchfilterhost.exe,,,system,normal,/Users/marikof/Documents/tmp/log/win8.1x64-security-20190731.csv
7/31/2019 1:43:47 AM,4688,localadmin$,,,	c:\windows\system32\searchprotocolhost.exe,,,system,normal,/Users/marikof/Documents/tmp/log/win8.1x64-security-20190731.csv
7/31/2019 1:43:47 AM,4688,localadmin$,,,	c:\windows\system32\dllhost.exe,,,system,normal,/Users/marikof/Documents/tmp/log/win8.1x64-security-20190731.csv
7/31/2019 1:43:25 AM,4688,user,,,	c:\windows\system32\ipconfig.exe,,,localadmin\user,normal,/Users/marikof/Documents/tmp/log/win8.1x64-security-20190731.csv
7/31/2019 1:43:19 AM,4688,user,,,	c:\windows\system32\conhost.exe,,,localadmin\user,normal,/Users/marikof/Documents/tmp/log/win8.1x64-security-20190731.csv
7/31/2019 1:43:19 AM,4688,user,,,	c:\windows\system32\cmd.exe,,,localadmin\user,normal,/Users/marikof/Documents/tmp/log/win8.1x64-security-20190731.csv
7/31/2019 1:39:44 AM,4688,user,,,	c:\program files (x86)\internet explorer\iexplore.exe,,,localadmin\user,normal,/Users/marikof/Documents/tmp/log/win8.1x64-security-20190731.csv
7/31/2019 1:39:41 AM,4688,user,,,	c:\program files\internet explorer\iexplore.exe,,,localadmin\user,normal,/Users/marikof/Documents/tmp/log/win8.1x64-security-20190731.csv
7/31/2019 1:39:10 AM,4688,user,,,	c:\program files\windows nt\accessories\wordpad.exe,,,localadmin\user,normal,/Users/marikof/Documents/tmp/log/win8.1x64-security-20190731.csv
7/31/2019 1:39:05 AM,4688,localadmin$,,,	c:\windows\system32\dllhost.exe,,,system,normal,/Users/marikof/Documents/tmp/log/win8.1x64-security-20190731.csv
7/31/2019 1:39:05 AM,4688,localadmin$,,,	c:\windows\system32\searchfilterhost.exe,,,system,normal,/Users/marikof/Documents/tmp/log/win8.1x64-security-20190731.csv
7/31/2019 1:38:34 AM,4688,localadmin$,,,	c:\windows\system32\dllhost.exe,,,system,normal,/Users/marikof/Documents/tmp/log/win8.1x64-security-20190731.csv
7/31/2019 1:38:05 AM,4688,user,,,	c:\windows\system32\ipconfig.exe,,,localadmin\user,normal,/Users/marikof/Documents/tmp/log/win8.1x64-security-20190731.csv
7/31/2019 1:37:59 AM,4688,user,,,	c:\windows\system32\conhost.exe,,,localadmin\user,normal,/Users/marikof/Documents/tmp/log/win8.1x64-security-20190731.csv
7/31/2019 1:37:59 AM,4688,user,,,	c:\windows\system32\cmd.exe,,,localadmin\user,normal,/Users/marikof/Documents/tmp/log/win8.1x64-security-20190731.csv
7/31/2019 1:35:52 AM,4688,localadmin$,,,	c:\windows\system32\searchfilterhost.exe,,,system,normal,/Users/marikof/Documents/tmp/log/win8.1x64-security-20190731.csv
7/31/2019 1:35:42 AM,4688,localadmin$,,,	c:\windows\system32\searchprotocolhost.exe,,,system,normal,/Users/marikof/Documents/tmp/log/win8.1x64-security-20190731.csv
7/31/2019 1:35:38 AM,4688,user,,,	c:\program files (x86)\internet explorer\iexplore.exe,,,localadmin\user,normal,/Users/marikof/Documents/tmp/log/win8.1x64-security-20190731.csv
7/31/2019 1:35:13 AM,4688,user,,,	c:\program files\internet explorer\iexplore.exe,,,localadmin\user,normal,/Users/marikof/Documents/tmp/log/win8.1x64-security-20190731.csv
7/31/2019 1:34:41 AM,4688,user,,,	c:\program files\windows nt\accessories\wordpad.exe,,,localadmin\user,normal,/Users/marikof/Documents/tmp/log/win8.1x64-security-20190731.csv
7/31/2019 1:34:37 AM,4688,localadmin$,,,	c:\windows\system32\dllhost.exe,,,system,normal,/Users/marikof/Documents/tmp/log/win8.1x64-security-20190731.csv
7/31/2019 1:34:06 AM,4688,localadmin$,,,	c:\windows\system32\dllhost.exe,,,system,normal,/Users/marikof/Documents/tmp/log/win8.1x64-security-20190731.csv
7/31/2019 1:33:36 AM,4688,user,,,	c:\windows\system32\ipconfig.exe,,,localadmin\user,normal,/Users/marikof/Documents/tmp/log/win8.1x64-security-20190731.csv
7/31/2019 1:33:31 AM,4688,user,,,	c:\windows\system32\conhost.exe,,,localadmin\user,normal,/Users/marikof/Documents/tmp/log/win8.1x64-security-20190731.csv
7/31/2019 1:33:30 AM,4688,user,,,	c:\windows\system32\cmd.exe,,,localadmin\user,normal,/Users/marikof/Documents/tmp/log/win8.1x64-security-20190731.csv
7/31/2019 1:32:20 AM,4688,localadmin$,,,	c:\windows\system32\searchprotocolhost.exe,,,system,normal,/Users/marikof/Documents/tmp/log/win8.1x64-security-20190731.csv
7/31/2019 1:32:04 AM,4688,user,,,	c:\program files (x86)\internet explorer\iexplore.exe,,,localadmin\user,normal,/Users/marikof/Documents/tmp/log/win8.1x64-security-20190731.csv
7/31/2019 1:32:01 AM,4688,user,,,	c:\program files\internet explorer\iexplore.exe,,,localadmin\user,normal,/Users/marikof/Documents/tmp/log/win8.1x64-security-20190731.csv
7/31/2019 1:31:44 AM,4688,localadmin$,,,	c:\windows\system32\searchfilterhost.exe,,,system,normal,/Users/marikof/Documents/tmp/log/win8.1x64-security-20190731.csv
7/31/2019 1:31:39 AM,4688,user,,,	c:\program files\windows nt\accessories\wordpad.exe,,,localadmin\user,normal,/Users/marikof/Documents/tmp/log/win8.1x64-security-20190731.csv
7/31/2019 1:31:35 AM,4688,localadmin$,,,	c:\windows\system32\dllhost.exe,,,system,normal,/Users/marikof/Documents/tmp/log/win8.1x64-security-20190731.csv
7/31/2019 1:31:18 AM,4688,localadmin$,,,	c:\windows\system32\dllhost.exe,,,system,normal,/Users/marikof/Documents/tmp/log/win8.1x64-security-20190731.csv
7/31/2019 1:31:18 AM,4688,localadmin$,,,	c:\windows\system32\searchprotocolhost.exe,,,system,normal,/Users/marikof/Documents/tmp/log/win8.1x64-security-20190731.csv
7/31/2019 1:30:57 AM,4688,user,,,	c:\windows\system32\ipconfig.exe,,,localadmin\user,normal,/Users/marikof/Documents/tmp/log/win8.1x64-security-20190731.csv
7/31/2019 1:30:50 AM,4688,user,,,	c:\windows\system32\conhost.exe,,,localadmin\user,normal,/Users/marikof/Documents/tmp/log/win8.1x64-security-20190731.csv
7/31/2019 1:30:50 AM,4688,user,,,	c:\windows\system32\cmd.exe,,,localadmin\user,normal,/Users/marikof/Documents/tmp/log/win8.1x64-security-20190731.csv
7/31/2019 1:30:28 AM,4688,user,,,	c:\program files (x86)\macrorecorder\macrorecorder.exe,,,localadmin\user,normal,/Users/marikof/Documents/tmp/log/win8.1x64-security-20190731.csv
7/31/2019 1:29:44 AM,4688,localadmin$,,,	c:\windows\system32\searchfilterhost.exe,,,system,normal,/Users/marikof/Documents/tmp/log/win8.1x64-security-20190731.csv
7/31/2019 1:29:34 AM,4688,localadmin$,,,	c:\windows\system32\searchprotocolhost.exe,,,system,normal,/Users/marikof/Documents/tmp/log/win8.1x64-security-20190731.csv
7/31/2019 1:28:41 AM,4688,localadmin$,,,	c:\windows\system32\rundll32.exe,,,system,normal,/Users/marikof/Documents/tmp/log/win8.1x64-security-20190731.csv
7/31/2019 1:25:03 AM,4688,user,,,	c:\program files (x86)\internet explorer\iexplore.exe,,,localadmin\user,normal,/Users/marikof/Documents/tmp/log/win8.1x64-security-20190731.csv
7/31/2019 1:25:00 AM,4688,user,,,	c:\program files\internet explorer\iexplore.exe,,,localadmin\user,normal,/Users/marikof/Documents/tmp/log/win8.1x64-security-20190731.csv
7/31/2019 1:24:14 AM,4688,user,,,	c:\windows\system32\notepad.exe,,,localadmin\user,normal,/Users/marikof/Documents/tmp/log/win8.1x64-security-20190731.csv
7/31/2019 1:24:04 AM,4688,localadmin$,,,	c:\windows\system32\dllhost.exe,,,system,normal,/Users/marikof/Documents/tmp/log/win8.1x64-security-20190731.csv
7/31/2019 1:23:23 AM,4688,localadmin$,,,	c:\windows\system32\searchfilterhost.exe,,,system,normal,/Users/marikof/Documents/tmp/log/win8.1x64-security-20190731.csv
7/31/2019 1:23:12 AM,4688,localadmin$,,,	c:\windows\system32\dllhost.exe,,,system,normal,/Users/marikof/Documents/tmp/log/win8.1x64-security-20190731.csv
7/31/2019 1:23:12 AM,4688,localadmin$,,,	c:\windows\system32\searchprotocolhost.exe,,,system,normal,/Users/marikof/Documents/tmp/log/win8.1x64-security-20190731.csv
7/31/2019 1:22:15 AM,4688,user,,,	c:\windows\system32\ipconfig.exe,,,localadmin\user,normal,/Users/marikof/Documents/tmp/log/win8.1x64-security-20190731.csv
7/31/2019 1:21:50 AM,4688,user,,,	c:\windows\system32\ipconfig.exe,,,localadmin\user,normal,/Users/marikof/Documents/tmp/log/win8.1x64-security-20190731.csv
7/31/2019 1:21:43 AM,4688,user,,,	c:\windows\system32\conhost.exe,,,localadmin\user,normal,/Users/marikof/Documents/tmp/log/win8.1x64-security-20190731.csv
7/31/2019 1:21:43 AM,4688,user,,,	c:\windows\system32\cmd.exe,,,localadmin\user,normal,/Users/marikof/Documents/tmp/log/win8.1x64-security-20190731.csv
7/31/2019 1:18:59 AM,4688,user,,,	c:\program files (x86)\internet explorer\iexplore.exe,,,localadmin\user,normal,/Users/marikof/Documents/tmp/log/win8.1x64-security-20190731.csv
7/31/2019 1:18:56 AM,4688,user,,,	c:\program files\internet explorer\iexplore.exe,,,localadmin\user,normal,/Users/marikof/Documents/tmp/log/win8.1x64-security-20190731.csv
7/31/2019 1:18:09 AM,4688,user,,,	c:\windows\system32\notepad.exe,,,localadmin\user,normal,/Users/marikof/Documents/tmp/log/win8.1x64-security-20190731.csv
7/31/2019 1:18:00 AM,4688,localadmin$,,,	c:\windows\system32\dllhost.exe,,,system,normal,/Users/marikof/Documents/tmp/log/win8.1x64-security-20190731.csv
7/31/2019 1:17:18 AM,4688,localadmin$,,,	c:\windows\system32\searchfilterhost.exe,,,system,normal,/Users/marikof/Documents/tmp/log/win8.1x64-security-20190731.csv
7/31/2019 1:17:08 AM,4688,localadmin$,,,	c:\windows\system32\dllhost.exe,,,system,normal,/Users/marikof/Documents/tmp/log/win8.1x64-security-20190731.csv
7/31/2019 1:17:08 AM,4688,localadmin$,,,	c:\windows\system32\searchprotocolhost.exe,,,system,normal,/Users/marikof/Documents/tmp/log/win8.1x64-security-20190731.csv
7/31/2019 1:16:10 AM,4688,user,,,	c:\windows\system32\ipconfig.exe,,,localadmin\user,normal,/Users/marikof/Documents/tmp/log/win8.1x64-security-20190731.csv
7/31/2019 1:15:46 AM,4688,user,,,	c:\windows\system32\ipconfig.exe,,,localadmin\user,normal,/Users/marikof/Documents/tmp/log/win8.1x64-security-20190731.csv
7/31/2019 1:15:37 AM,4688,user,,,	c:\windows\system32\conhost.exe,,,localadmin\user,normal,/Users/marikof/Documents/tmp/log/win8.1x64-security-20190731.csv
7/31/2019 1:15:37 AM,4688,user,,,	c:\windows\system32\cmd.exe,,,localadmin\user,normal,/Users/marikof/Documents/tmp/log/win8.1x64-security-20190731.csv
7/31/2019 1:13:00 AM,4688,localadmin$,,,	c:\windows\system32\searchfilterhost.exe,,,system,normal,/Users/marikof/Documents/tmp/log/win8.1x64-security-20190731.csv
7/31/2019 1:12:50 AM,4688,localadmin$,,,	c:\windows\system32\dllhost.exe,,,system,normal,/Users/marikof/Documents/tmp/log/win8.1x64-security-20190731.csv
7/31/2019 1:12:50 AM,4688,localadmin$,,,	c:\windows\system32\searchprotocolhost.exe,,,system,normal,/Users/marikof/Documents/tmp/log/win8.1x64-security-20190731.csv
7/31/2019 1:11:52 AM,4688,user,,,	c:\windows\system32\ipconfig.exe,,,localadmin\user,normal,/Users/marikof/Documents/tmp/log/win8.1x64-security-20190731.csv
7/31/2019 1:11:27 AM,4688,user,,,	c:\windows\system32\ipconfig.exe,,,localadmin\user,normal,/Users/marikof/Documents/tmp/log/win8.1x64-security-20190731.csv
7/31/2019 1:11:18 AM,4688,user,,,	c:\windows\system32\conhost.exe,,,localadmin\user,normal,/Users/marikof/Documents/tmp/log/win8.1x64-security-20190731.csv
7/31/2019 1:11:18 AM,4688,user,,,	c:\windows\system32\cmd.exe,,,localadmin\user,normal,/Users/marikof/Documents/tmp/log/win8.1x64-security-20190731.csv
7/31/2019 1:10:55 AM,4688,localadmin$,,,	c:\windows\system32\dllhost.exe,,,system,normal,/Users/marikof/Documents/tmp/log/win8.1x64-security-20190731.csv
7/31/2019 1:10:43 AM,4688,localadmin$,,,	c:\windows\system32\svchost.exe,,,system,normal,/Users/marikof/Documents/tmp/log/win8.1x64-security-20190731.csv
7/31/2019 1:10:43 AM,4672,system,,,,,,system,normal,/Users/marikof/Documents/tmp/log/win8.1x64-security-20190731.csv
7/31/2019 1:10:43 AM,4624,system,	-,,		c:\windows\system32\services.exe,,,system,normal,/Users/marikof/Documents/tmp/log/win8.1x64-security-20190731.csv
7/31/2019 1:08:57 AM,4688,localadmin$,,,	c:\windows\system32\searchfilterhost.exe,,,system,normal,/Users/marikof/Documents/tmp/log/win8.1x64-security-20190731.csv
7/31/2019 1:08:46 AM,4688,user,,,	c:\windows\system32\notepad.exe,,,localadmin\user,normal,/Users/marikof/Documents/tmp/log/win8.1x64-security-20190731.csv
7/31/2019 1:08:39 AM,4688,user,,,	c:\program files (x86)\internet explorer\iexplore.exe,,,localadmin\user,normal,/Users/marikof/Documents/tmp/log/win8.1x64-security-20190731.csv
7/31/2019 1:08:35 AM,4688,localadmin$,,,	c:\windows\system32\searchprotocolhost.exe,,,system,normal,/Users/marikof/Documents/tmp/log/win8.1x64-security-20190731.csv
7/31/2019 1:08:05 AM,4688,user,,,	c:\windows\system32\notepad.exe,,,localadmin\user,normal,/Users/marikof/Documents/tmp/log/win8.1x64-security-20190731.csv
7/31/2019 1:08:01 AM,4688,localadmin$,,,	c:\windows\system32\dllhost.exe,,,system,normal,/Users/marikof/Documents/tmp/log/win8.1x64-security-20190731.csv
7/31/2019 1:07:44 AM,4688,user,,,	c:\program files (x86)\internet explorer\iexplore.exe,,,localadmin\user,normal,/Users/marikof/Documents/tmp/log/win8.1x64-security-20190731.csv
7/31/2019 1:07:41 AM,4688,user,,,	c:\program files\internet explorer\iexplore.exe,,,localadmin\user,normal,/Users/marikof/Documents/tmp/log/win8.1x64-security-20190731.csv
7/31/2019 1:07:12 AM,4688,user,,,	c:\windows\system32\notepad.exe,,,localadmin\user,normal,/Users/marikof/Documents/tmp/log/win8.1x64-security-20190731.csv
7/31/2019 1:07:07 AM,4688,localadmin$,,,	c:\windows\system32\dllhost.exe,,,system,normal,/Users/marikof/Documents/tmp/log/win8.1x64-security-20190731.csv
7/31/2019 1:06:49 AM,4688,localadmin$,,,	c:\windows\system32\searchfilterhost.exe,,,system,normal,/Users/marikof/Documents/tmp/log/win8.1x64-security-20190731.csv
7/31/2019 1:06:39 AM,4688,localadmin$,,,	c:\windows\system32\dllhost.exe,,,system,normal,/Users/marikof/Documents/tmp/log/win8.1x64-security-20190731.csv
7/31/2019 1:06:39 AM,4688,localadmin$,,,	c:\windows\system32\searchprotocolhost.exe,,,system,normal,/Users/marikof/Documents/tmp/log/win8.1x64-security-20190731.csv
7/31/2019 1:06:01 AM,4688,user,,,	c:\windows\system32\ipconfig.exe,,,localadmin\user,normal,/Users/marikof/Documents/tmp/log/win8.1x64-security-20190731.csv
7/31/2019 1:05:36 AM,4688,user,,,	c:\windows\system32\ipconfig.exe,,,localadmin\user,normal,/Users/marikof/Documents/tmp/log/win8.1x64-security-20190731.csv
7/31/2019 1:05:30 AM,4688,user,,,	c:\windows\system32\conhost.exe,,,localadmin\user,normal,/Users/marikof/Documents/tmp/log/win8.1x64-security-20190731.csv
7/31/2019 1:05:30 AM,4688,user,,,	c:\windows\system32\cmd.exe,,,localadmin\user,normal,/Users/marikof/Documents/tmp/log/win8.1x64-security-20190731.csv
7/31/2019 1:03:42 AM,4688,localadmin$,,,	c:\windows\system32\searchfilterhost.exe,,,system,normal,/Users/marikof/Documents/tmp/log/win8.1x64-security-20190731.csv
7/31/2019 1:03:32 AM,4688,localadmin$,,,	c:\windows\system32\searchprotocolhost.exe,,,system,normal,/Users/marikof/Documents/tmp/log/win8.1x64-security-20190731.csv
7/31/2019 1:00:10 AM,4688,user,,,	c:\program files\windows nt\accessories\wordpad.exe,,,localadmin\user,normal,/Users/marikof/Documents/tmp/log/win8.1x64-security-20190731.csv
7/31/2019 1:00:00 AM,4688,localadmin$,,,	c:\windows\system32\taskhostex.exe,,,system,normal,/Users/marikof/Documents/tmp/log/win8.1x64-security-20190731.csv
7/31/2019 12:58:47 AM,4688,user,,,	c:\windows\system32\notepad.exe,,,localadmin\user,normal,/Users/marikof/Documents/tmp/log/win8.1x64-security-20190731.csv
7/31/2019 12:58:24 AM,4688,user,,,	c:\windows\system32\ipconfig.exe,,,localadmin\user,normal,/Users/marikof/Documents/tmp/log/win8.1x64-security-20190731.csv
7/31/2019 12:58:14 AM,4688,user,,,	c:\windows\system32\conhost.exe,,,localadmin\user,normal,/Users/marikof/Documents/tmp/log/win8.1x64-security-20190731.csv
7/31/2019 12:58:14 AM,4688,user,,,	c:\windows\system32\cmd.exe,,,localadmin\user,normal,/Users/marikof/Documents/tmp/log/win8.1x64-security-20190731.csv
7/31/2019 12:58:11 AM,4688,localadmin$,,,	c:\windows\system32\wudfhost.exe,,,system,normal,/Users/marikof/Documents/tmp/log/win8.1x64-security-20190731.csv
7/31/2019 12:58:10 AM,4688,localadmin$,,,	c:\windows\system32\thumbnailextractionhost.exe,,,system,normal,/Users/marikof/Documents/tmp/log/win8.1x64-security-20190731.csv
7/31/2019 12:57:45 AM,4688,user,,,	c:\program files (x86)\internet explorer\iexplore.exe,,,localadmin\user,normal,/Users/marikof/Documents/tmp/log/win8.1x64-security-20190731.csv
7/31/2019 12:57:40 AM,4688,user,,,	c:\windows\system32\taskhostex.exe,,,localadmin\user,normal,/Users/marikof/Documents/tmp/log/win8.1x64-security-20190731.csv
7/31/2019 12:57:37 AM,4688,localadmin$,,,	c:\windows\system32\werfault.exe,,,system,normal,/Users/marikof/Documents/tmp/log/win8.1x64-security-20190731.csv
7/31/2019 12:57:36 AM,4688,localadmin$,,,	c:\windows\syswow64\werfault.exe,,,system,normal,/Users/marikof/Documents/tmp/log/win8.1x64-security-20190731.csv
7/31/2019 12:57:35 AM,4688,localadmin$,,,	c:\windows\system32\svchost.exe,,,system,normal,/Users/marikof/Documents/tmp/log/win8.1x64-security-20190731.csv
7/31/2019 12:57:35 AM,4672,system,,,,,,system,normal,/Users/marikof/Documents/tmp/log/win8.1x64-security-20190731.csv
7/31/2019 12:57:35 AM,4624,system,	-,,		c:\windows\system32\services.exe,,,system,normal,/Users/marikof/Documents/tmp/log/win8.1x64-security-20190731.csv
7/31/2019 12:57:35 AM,4688,user,,,	c:\program files (x86)\internet explorer\iexplore.exe,,,localadmin\user,normal,/Users/marikof/Documents/tmp/log/win8.1x64-security-20190731.csv
7/31/2019 12:54:53 AM,4688,localadmin$,,,	c:\windows\system32\searchfilterhost.exe,,,system,normal,/Users/marikof/Documents/tmp/log/win8.1x64-security-20190731.csv
7/31/2019 12:54:42 AM,4688,localadmin$,,,	c:\windows\system32\searchprotocolhost.exe,,,system,normal,/Users/marikof/Documents/tmp/log/win8.1x64-security-20190731.csv
7/31/2019 12:53:11 AM,4688,user,,,	c:\program files (x86)\internet explorer\iexplore.exe,,,localadmin\user,normal,/Users/marikof/Documents/tmp/log/win8.1x64-security-20190731.csv
7/31/2019 12:53:08 AM,4688,user,,,	c:\program files\internet explorer\iexplore.exe,,,localadmin\user,normal,/Users/marikof/Documents/tmp/log/win8.1x64-security-20190731.csv
7/31/2019 12:50:50 AM,4688,localadmin$,,,	c:\windows\system32\searchfilterhost.exe,,,system,normal,/Users/marikof/Documents/tmp/log/win8.1x64-security-20190731.csv
7/31/2019 12:48:32 AM,4688,localadmin$,,,	c:\windows\system32\searchfilterhost.exe,,,system,normal,/Users/marikof/Documents/tmp/log/win8.1x64-security-20190731.csv
7/31/2019 12:48:21 AM,4688,localadmin$,,,	c:\windows\system32\searchprotocolhost.exe,,,system,normal,/Users/marikof/Documents/tmp/log/win8.1x64-security-20190731.csv
7/31/2019 12:48:14 AM,4688,user,,,	c:\program files (x86)\internet explorer\iexplore.exe,,,localadmin\user,normal,/Users/marikof/Documents/tmp/log/win8.1x64-security-20190731.csv
7/31/2019 12:47:37 AM,4688,user,,,	c:\program files (x86)\internet explorer\iexplore.exe,,,localadmin\user,normal,/Users/marikof/Documents/tmp/log/win8.1x64-security-20190731.csv
7/31/2019 12:47:35 AM,4688,user,,,	c:\program files\internet explorer\iexplore.exe,,,localadmin\user,normal,/Users/marikof/Documents/tmp/log/win8.1x64-security-20190731.csv
7/31/2019 12:45:56 AM,4688,user,,,	c:\program files (x86)\macrorecorder\macrorecorder.exe,,,localadmin\user,normal,/Users/marikof/Documents/tmp/log/win8.1x64-security-20190731.csv
7/31/2019 12:43:22 AM,4688,localadmin$,,,	c:\windows\system32\rundll32.exe,,,system,normal,/Users/marikof/Documents/tmp/log/win8.1x64-security-20190731.csv
7/31/2019 12:40:50 AM,4688,user,,,	c:\program files (x86)\internet explorer\iexplore.exe,,,localadmin\user,normal,/Users/marikof/Documents/tmp/log/win8.1x64-security-20190731.csv
7/31/2019 12:40:48 AM,4688,user,,,	c:\program files\internet explorer\iexplore.exe,,,localadmin\user,normal,/Users/marikof/Documents/tmp/log/win8.1x64-security-20190731.csv
7/31/2019 12:40:38 AM,4688,localadmin$,,,	c:\windows\system32\searchfilterhost.exe,,,system,normal,/Users/marikof/Documents/tmp/log/win8.1x64-security-20190731.csv
7/31/2019 12:40:22 AM,4688,localadmin$,,,	c:\windows\system32\searchprotocolhost.exe,,,system,normal,/Users/marikof/Documents/tmp/log/win8.1x64-security-20190731.csv
7/31/2019 12:40:17 AM,4688,localadmin$,,,	c:\windows\system32\svchost.exe,,,system,normal,/Users/marikof/Documents/tmp/log/win8.1x64-security-20190731.csv
7/31/2019 12:40:17 AM,4672,system,,,,,,system,normal,/Users/marikof/Documents/tmp/log/win8.1x64-security-20190731.csv
7/31/2019 12:40:17 AM,4624,system,	-,,		c:\windows\system32\services.exe,,,system,normal,/Users/marikof/Documents/tmp/log/win8.1x64-security-20190731.csv
7/31/2019 12:40:05 AM,4688,user,,,	c:\program files (x86)\internet explorer\iexplore.exe,,,localadmin\user,normal,/Users/marikof/Documents/tmp/log/win8.1x64-security-20190731.csv
7/31/2019 12:40:04 AM,4688,user,,,	c:\program files (x86)\internet explorer\iexplore.exe,,,localadmin\user,normal,/Users/marikof/Documents/tmp/log/win8.1x64-security-20190731.csv
7/31/2019 12:39:40 AM,4688,user,,,	c:\program files\internet explorer\iexplore.exe,,,localadmin\user,normal,/Users/marikof/Documents/tmp/log/win8.1x64-security-20190731.csv
7/31/2019 12:39:13 AM,4688,user,,,	c:\program files\internet explorer\iexplore.exe,,,localadmin\user,normal,/Users/marikof/Documents/tmp/log/win8.1x64-security-20190731.csv
7/31/2019 12:38:49 AM,4688,user,,,	c:\windows\system32\notepad.exe,,,localadmin\user,normal,/Users/marikof/Documents/tmp/log/win8.1x64-security-20190731.csv
7/31/2019 12:37:31 AM,4688,localadmin$,,,	c:\windows\system32\searchprotocolhost.exe,,,system,normal,/Users/marikof/Documents/tmp/log/win8.1x64-security-20190731.csv
7/31/2019 12:37:31 AM,5140,anonymous logon,		10.0.19.241,,,,		\\*\ipc$,anonymous logon,normal,/Users/marikof/Documents/tmp/log/win8.1x64-security-20190731.csv
7/31/2019 12:37:31 AM,4624,anonymous logon,	10.0.19.241,,		-,,,null sid,normal,/Users/marikof/Documents/tmp/log/win8.1x64-security-20190731.csv
7/31/2019 12:37:31 AM,4624,anonymous logon,	10.0.19.241,,		-,,,null sid,normal,/Users/marikof/Documents/tmp/log/win8.1x64-security-20190731.csv
7/31/2019 12:37:28 AM,4688,localadmin$,,,	c:\windows\system32\thumbnailextractionhost.exe,,,system,normal,/Users/marikof/Documents/tmp/log/win8.1x64-security-20190731.csv
7/31/2019 12:37:24 AM,4688,localadmin$,,,	c:\windows\system32\searchfilterhost.exe,,,system,normal,/Users/marikof/Documents/tmp/log/win8.1x64-security-20190731.csv
7/31/2019 12:36:37 AM,4688,user,,,	c:\program files\windows nt\accessories\wordpad.exe,,,localadmin\user,normal,/Users/marikof/Documents/tmp/log/win8.1x64-security-20190731.csv
7/31/2019 12:36:07 AM,4688,user,,,	c:\windows\system32\notepad.exe,,,localadmin\user,normal,/Users/marikof/Documents/tmp/log/win8.1x64-security-20190731.csv
7/31/2019 12:36:02 AM,4688,localadmin$,,,	c:\windows\system32\thumbnailextractionhost.exe,,,system,normal,/Users/marikof/Documents/tmp/log/win8.1x64-security-20190731.csv
7/31/2019 12:35:43 AM,4688,user,,,	c:\windows\system32\ipconfig.exe,,,localadmin\user,normal,/Users/marikof/Documents/tmp/log/win8.1x64-security-20190731.csv
7/31/2019 12:35:37 AM,4688,user,,,	c:\windows\system32\conhost.exe,,,localadmin\user,normal,/Users/marikof/Documents/tmp/log/win8.1x64-security-20190731.csv
7/31/2019 12:35:36 AM,4688,user,,,	c:\windows\system32\cmd.exe,,,localadmin\user,normal,/Users/marikof/Documents/tmp/log/win8.1x64-security-20190731.csv
7/31/2019 12:35:32 AM,4688,localadmin$,,,	c:\windows\system32\wudfhost.exe,,,system,normal,/Users/marikof/Documents/tmp/log/win8.1x64-security-20190731.csv
7/31/2019 12:35:30 AM,4688,localadmin$,,,	c:\windows\syswow64\werfault.exe,,,system,normal,/Users/marikof/Documents/tmp/log/win8.1x64-security-20190731.csv
7/31/2019 12:35:16 AM,4688,user,,,	c:\windows\system32\taskhostex.exe,,,localadmin\user,normal,/Users/marikof/Documents/tmp/log/win8.1x64-security-20190731.csv
7/31/2019 12:35:13 AM,4688,localadmin$,,,	c:\windows\system32\werfault.exe,,,system,normal,/Users/marikof/Documents/tmp/log/win8.1x64-security-20190731.csv
